Titulo,Moneda,Precio,Ubicacion,Rubro
Venta De Complejo De Cabañas Frente Lago En Potrero De Garay.los Espinillos Apto Credito.,US$,400000,"Córdoba, Argentina, Potrero De Garay, Santa María, Córdoba",Hotelería
Fondo De Comercio Dietetica,US$,13000,"Monte Castro, Capital Federal",Dietética
Fondo De Comercio Pizeria Y Cafetería,US$,24000,"Flores, Capital Federal",Cafetería
Dueño Fondo De Comercio Excelente Cervecería,US$,22000,"Centro, Mar Del Plata, Bs.As. Costa Atlántica",Cervecería
Fondo De Comercio: Barbería Moderna Y Equipada. Excelente Ublicación.,US$,17500,"Ciudad Autónoma De Buenos Aires, Argentina, Palermo, Capital Federal",Barbería
Vendo Fondo De Comercio Vta Empanadas ..,US$,25000,"Palermo, Capital Federal",Otros
Complejo De 4 Cabañas .el Valor Publicado Es Por Unidad,US$,49000,"San Clemente, Bs.As. Costa Atlántica",Hotelería
"Cafetería Restó *oportunidad* Imperdible Fondo De Comercio Gastronómico, Café  Restaurante,",US$,29000,"Capital, Mendoza, Argentina, Otros Barrios, Mendoza",Cafetería
"Fondo Comercio, Distribuidora  Alimentos Saludables, Zona Sur. Consultar Precio. Oportunidad Inversión Negocios Saludables",US$,18200,"Provincia De Buenos Aires, Argentina, Remedios De Escalada, Lanús, Bs.As. G.B.A. Sur",Otros
Fondo De Comercio Cervecería Bar Hamburguesería Almagro Excelente Zona Muy Bien Instalado Oportunidad,US$,40000,"Ciudad Autónoma De Buenos Aires, Argentina, Almagro, Capital Federal",Cervecería
Fondo De Comercio Heladería Con Franquicia,US$,15000,"San Isidro, Provincia De Buenos Aires, Argentina, San Isidro, Bs.As. G.B.A. Norte",Franquicia
"Retasado...fondo De Comercio: Local De Sanitario, Servicios Y Arts De Ferretería Con Vivienda. Excelente Condiciones De Alquiler, Sin Expensas",US$,72500,"Buenos Aires, Argentina, Villa Urquiza, Capital Federal",Ferretería
Venta - Fondo De Comercio De Fábrica De Pastas - 50 Años De Trayectoria,US$,55000,"B1832 Lomas De Zamora, Provincia De Buenos Aires, Argentina, Lomas De Zamora, Bs.As. G.B.A. Sur",Fábrica
"Fondo De Comercio Papelera Mayorista Y Minorista, Limpieza, Higiene Institucional Y Bazar",US$,40000,"Provincia De Buenos Aires, Argentina, Quilmes, Bs.As. G.B.A. Sur",Papelera
Fondo De Comercio Accesorios Y Repuestos Para Motos,US$,37000,"Ciudad Autónoma De Buenos Aires, Argentina, Recoleta, Capital Federal",Otros
"Complejo Solanas Frente Al Mar, Categoría Con Clientela, Vendo Urgente, Excelente Rentabilidad !!!",US$,590000,"Nueva Atlantis, Provincia De Buenos Aires, Argentina, Nueva Atlantis, Bs.As. Costa Atlántica",Hotelería
Cabañas Tipo Casa De Campo Para Uso Personal Y/o Para Alquiler Turístico,US$,350000,"Concepción Del Uruguay, C. Del Uruguay, Entre Ríos",Otros
Fondo De Comercio Bar/local De Bebida C/contrato De Alquiler,$,8500000,"Colegiales, Capital Federal",Bebidas
"Complejo De 7 Departamentos A Mtrs Del Mar, Muy Buena Renta",US$,500000,"Santa Clara Del Mar, Bs.As. Costa Atlántica",Hotelería
Vendo Fondo De Comercio Pet Shop - Veterinaria - Tienda Mascotas,US$,17990,"Buenos Aires, Argentina, Palermo, Capital Federal",Pet shop
Liquidacion Total Por Viaje - Ferreteria En Ciudad De Córdoba,US$,99000,"Provincia De Córdoba, Argentina, Centro, Córdoba",Ferretería
Fondo De Comercio Peluquería,US$,19000,"Boulogne Sur Mer, San Isidro, Bs.As. G.B.A. Norte",Peluquería
Fondo De Comercio Cotillon - Villa Del Parque,US$,65000,"Cuenca 3490, Ciudad Autónoma De Buenos Aires, Argentina, Villa Del Parque, Capital Federal",Cotillón
Fondo De Conercio Vinoteca Ubicado Estratégicamente,US$,1,"Francisco Alvarez, Provincia De Buenos Aires, Argentina, Francisco Álvarez, Moreno, Bs.As. G.B.A. Oeste",Bebidas
Vendo 2 Fondos De Comercio En B Guemes Excelente Ubicacion,US$,75000,"Guemes, Córdoba",Otros
Fondo De Comercio Bar Restaurante Pimienta Food & Bar 100% Funcional Y Exitoso,US$,25000,"San Telmo, CABA, Argentina, San Telmo, Capital Federal",Restaurante
Liquido Permuto Fondo De Comercio Restaurante Bar,US$,38000,"Güemes, Mar Del Plata, Bs.As. Costa Atlántica",Restaurante
Balneario Pehuen Co. Chalet 4 Ambientes + Local Comercial.,US$,110000,"Balneario Pehuen Co, Coronel Rosales, Buenos Aires Interior",Otros
Oportunidad Real - Fondo Comercio Estética,US$,39000,"San Miguel, Provincia De Buenos Aires, Argentina, San Miguel, Bs.As. G.B.A. Norte",Salón de belleza
Ferretería Industrial Fondo De Comercio,US$,240000,"Villa Madero, Provincia De Buenos Aires, Argentina, La Tablada, La Matanza, Bs.As. G.B.A. Oeste",Ferretería
"Venta De Fondo De Comercio En Miami, Florida, Usa. Pet Shop Con Venta De Mascotas, Peluqueria Canina Y Venta De Alimentos Y Productos Accesorios Para Mascotas.",US$,199000,"Argentina, Miami, Florida, USA",Peluquería
"Fondo De Comercio De Prendas De Vestir, O Venta Por Lotes",US$,39000,"Necochea, Provincia De Buenos Aires, Argentina, Necochea, Bs.As. Costa Atlántica",Indumentaria
"Fondo De Comercio Cotillon, Articulos Reposteria, Descartables Y Disfraces. Globos Con Helio.",US$,17500,"Ciudad Jardin Lomas De Palomar, Provincia De Buenos Aires, Argentina, Ciudad Jardín Lomas Del Palomar, Tres De Febrero, Bs.As. G.B.A. Oeste",Cotillón
Venta Fondo De Comercio Hamburguesería,US$,28000,"Villa Lugano, Capital Federal",Hamburguesería
"Vendo Fondo De Comercio, Maxikiosco, Market, Villa Luro",US$,11000,"Villa Luro, Capital Federal",Kiosco
Venta Fondo De Comercio. Imperdible Oportunidad!!!!,US$,30000,"Barrio Parque Gral San Martín, General San Martín, Bs.As. G.B.A. Norte",Otros
Venta De Fondo De Comercio Supermercado,$,1000,"Tapiales, La Matanza, Bs.As. G.B.A. Oeste",Supermercado
Vendo//permuto Fondo De Comercio Salon De Belleza,$,18000,"Don Torcuato Oeste, Tigre, Bs.As. G.B.A. Norte",Salón de belleza
Vendo Fondo De Comercio 2 Locales De Venta De Indumentaria!,US$,25000,"Virreyes, San Fernando, Bs.As. G.B.A. Norte",Indumentaria
Venta De Fondo De Comercio Online - Indumentaria Femenina,US$,15000,"Buenos Aires, Argentina, Palermo, Capital Federal",Indumentaria
Fondo De Comercio Dietética,US$,14500,"Palermo, Capital Federal",Dietética
Galpon Deposito Guardamuebles Permuto,US$,360000,"Buenos Aires, Argentina, Mataderos, Capital Federal",Otros
Venta De Empresa De Seguridad Privada En Rosario,US$,150000,"ARB, Provincia De Santa Fe, Argentina, Centro, Rosario, Santa Fe",Otros
Panadería,US$,47000,"San Rafael, Mendoza",Panadería
Cadena De Sucursales Insumos De Uñas Y Maquillajes,US$,500000,"Florencio Varela, Bs.As. G.B.A. Sur",Otros
Liquidooo!! Fondo De Comercio Bar En San Miguel,US$,30000,"San Miguel, Bs.As. G.B.A. Norte",Otros
"Gran Oportunidad Restaurante En Caballito, Hermoso Local",US$,180000,"Ciudad Autónoma De Buenos Aires, Argentina, Caballito, Capital Federal",Restaurante
Venta Fondo De Comercio Clínica Geriátrica Con/sin Propiedad,US$,225000,"San Justo, La Matanza, Bs.As. G.B.A. Oeste",Geriátrico
Fondo De Comercio Salón De Uñas,US$,10000,"Bernal, Q...",Otros
Panadería,US$,4000,"Rosario, Provincia ...",Panadería
"¡gran Oportunidad! Venta De Fondo De Comercio De Indumentaria, Zapatería Y Accesorios En Neuquén",US$,20000,Q8300lwb...,Indumentaria
"Fondo De Comercio, Colocadora De Caños De Escapes Y Enganches, Macachin",US$,120000,Río Te...,Otros
Fondo Comercio Mercadería  Inclu/escucho Oferta/tomo Permuta,US$,16500,"Caseros, Provin...",Otros
Fondo De Comercio Dietética Victoria Presidente Perón,US$,27000,Vic...,Dietética
Inmobiliaria Con Importante Clientela Y Antigüedad - Hay Financiación - Se Toman Valores (venta Fondo De Comercio),US$,29800,"Buenos Aires, ...",Otros
Vendo Fondo De Comercio (o En Propiedad) Mar Del Plata Con 55 Años De Trayectoria Exelente Clientela,US$,30000,"Mar Del Plata, Provin...",Otros
"Ferretería Bulonera Y Lubricentro, Vendo Por Mudanza.",US$,48000,"Ostende, Provinci...",Ferretería
Fondo De Comercio Camping En Costa Atlantica,US$,220000,"Miramar, Bs.as....",Otros
Excelente Fondo De Comercio,US$,50000,"Terminal Vieja, Mar...",Otros
Vendo O Permuto Fábrica De Balanzas Electrónicas Ganaderas X Auto O Camioneta,US$,25000,General A...,Fábrica
Fondo De Comercio Maxikiosco,US$,7000,Ciudad...,Kiosco
"Vendo Urgente Por Problema De Salud !!! Hermoso Complejo De 4200m2. Muy Equipado, Exelente Ocupación !!!",US$,220000,"Calamuchita, Provin...",Hotelería
Fondo De Comercio Bar Olivos. Oportunidad Por Junio,US$,20000,"Avenida Del Libertador 1960, ...",Otros
Dietetica Y Panaderia Saludable,US$,75000,"Acassuso, Provincia De B...",Dietética
Venta De Fondo De Comercio Pet Shop San Isidro,US$,14000,San Isidro Centra...,Pet shop
Fondo De Comercio Pizzería - Rotiseria En Paternal,US$,15000,General José Gervasio A...,Pizzería
Fondo De Comercio Fiambrería Excelente,US$,27000,Villa Balles...,Fiambrería
Fondo De Comercio Recepción De Lavanderia Tintoreria,US$,7500,"Avellaneda, Bs.as. G....",Otros
Venta Oportunidad Real Kiosco Esquina Barrio Norte,US$,8500,Ciudad Autónoma De Buen...,Kiosco
Fondo De Comercio: Agencia De Lotería Y Kiosco En Chivilcoy,US$,35000,"Chivilcoy, Provinci...",Kiosco
Venta Fondo De Comercio En Belgrano- Servicio Tecnico  De Celulares Y Computadoras - Venta De Accesorios,US$,3800,"Buenos Aires, Ar...",Otros
Cafeteria Pastelería Y Restó,US$,85,General P...,Cafetería
Fondo De Comercio Verduleria Con Dietetica Y Art. Limpieza.,US$,15000,"Villa Crespo, Ca...",Dietética
Fondo De Comercio Odontológico Habilitado Por Mns En Caba,US$,19000,"Villa Del Parque, Capit...",Salud
Fondo De Comercio Empanadas Economicas Frente A Facultad,US$,30999,"Balvanera, Capita...",Otros
Fiambreria Premium En City Bell,US$,35000,"City Bell, Provinci...",Fiambrería
Fondo De Comercio Librería En Villa Del Parque Caba,US$,25000,Villa Del Parq...,Librería
Fondo De Comercio Librería Y Centro De Copiado En Recoleta,US$,30000,Ciudad Autónoma De Buen...,Librería
Venta Fondo Comercio Restobar Lomas De Zamora,US$,80000,Lomas De Za...,Restaurante
Fondo De Comercio De Ropa Sobre Av. Cabildo Casi Juramento,US$,39000,Ciudad Autónoma ...,Indumentaria
Fondo De Comercio Lavanderia,US$,1,"San Miguel, Bs.as...",Otros
Fondo De Comercio Hamburguesería Artesanal Cadena Franquicia,US$,29000,"Boedo, Cap...",Franquicia
Peluquería En Venta Por Viaje,US$,99,Jockey Clu...,Peluquería
Fondo De Comercio Salón De Belleza - Peluquería Con 16 Años De Sólida Trayectoria En El Rubro,US$,8000,"Merlo, Provincia De...",Peluquería
Agencia De Loteria De La Ciudad De Bs. As. Venta Fondo De Comercio Caba,US$,24000,"Buenos Aires, Argentin...",Lotería
Fondo De Comercio-.cómida Al Paso,US$,18000,"Caseros, Bs...",Otros
Fondo De Comercio!! Indumentaria Para Chicos -  Se Escuchan Ofertas,$,111111,"Catamarca 1762, Mar Del Plata...",Indumentaria
Agencia De Quiniela Y Loteria En Mataderos Usd 25.000,US$,25000,"Buenos Aires, Argent...",Lotería
"Fondo De Comercio Reposteria, Cotillon Y Mucho Mas",US$,29000,Sáenz Pe...,Cotillón
"Fondo De Comercio Reposteria, Cotillon, Y Mucho Mas",US$,34000,"Santos Lugares,...",Cotillón
Fondo De Comercio Fiambrería Y Despensa,US$,28000,Avenida Presidente Hipólito Yrigoy...,Almacén
Vendo Complejo De 8  Departamentos/ Renta Asegurada/acepto Permuta En Parte De Pago/ Financiación,US$,165000,Las Margaritas...,Hotelería
Vendo Fondo De Comercio Lavadero De Autos,US$,30000,Remedios De Escalada...,Lavadero de autos
"Fondo De Comercio Pet Shop, Peluquería Canina Mascotas",US$,11000,"Recoleta, Capital Fe...",Peluquería
Oportunidad!! Fondo De Comercio Maxikiosco Excelente Ubicación! Ramos Mejía,US$,14900,"Ramos Mejía, Provinci...",Kiosco
Venta Fondo De Comercio Cafeteria De Especialidad,US$,99000,C1426djd Cdad...,Cafetería
Restaurante Fondo De Comercio,$,65,"Centro, Bariloche, Río N...",Restaurante
Vendo Agencia De Loteria De La Provincia De Bs.as Y Kiosco,US$,8000,Villa Santos Tes...,Kiosco
Agencias De Loteria - Liquidacion Total -,US$,15000,"Pilar, Bs.as. G.b.a. Norte",Lotería
Venta Fondo De Comercio - Fabrica De Pastas - Lomas De Zamora,US$,68000,"Lomas De Zamora, Pro...",Fábrica
Fondo De Comercio Local De Decoración Y Alfombras En Devoto,US$,18000,"Buenos Aires, Argenti...",Otros
Vende Fondo De Comercio. Trabajando Con Todo El Equipamiento,US$,12000,"Quilmes, Provincia ...",Otros
Fondo De Comercio Kiosco Y Regaleria,US$,15000,La Pla...,Kiosco
Cafetera Bunn Vp-17 Impecable Estado. Poco Uso,$,900000,Gen...,Cafetería
Fondo De Comercio Heladeria,US$,180000,"Belgrano R, Capital F...",Heladería
Fondo De Comercio Heladeria,US$,15000,...,Heladería
Fondo De Comercio Local De Ropa Femenina,US$,12000,"Muñiz, Provincia De ...",Indumentaria
Agencia De Quiniela,US$,25000,Guillermo Enrique Hudson...,Lotería
Vendo Fondo De Comercio Instrumentos Musicales Zona Acoyte Y Rivadavia 10 Años De Trayectoria,US$,11111,Bu...,Otros
Ferreteria  - Ideal  Cambio Para Cambio De Vida,US$,500000,"Tornquist, Prov...",Ferretería
Ferreteria - Ideal Cambio Para Cambio De Vida,US$,500000,"Tornquist, Prov...",Ferretería
Venta Fondo De Comercio. De Bar /cervecería.,US$,40000,Villa Balleste...,Cervecería
Se Vende Gomeria Completa En La Falda - Punilla - Oportunidad Unica,US$,28000,"La Falda, Provinci...",Gomería
Excelente Fondo De Comercio,US$,60000,"Quilmes, Bs.as. G.b.a....",Otros
Restoran Cafeteria,US$,60000,"Berazategui, Provin...",Cafetería
"Carniceria En Flores, La Mejor De Flores Transfiero!",US$,150,"Flores, Capital Feder...",Carnicería
Fondo De Comercio Restaurant Italiano.  Funcionando A Full,US$,80000,"Avellaneda, Bs.a...",Restaurante
Fondo Comercio La Falda  Parrilla  Lomoteria En Plen,US$,18000,"La Falda, Punilla...",Parrilla
Fondo  De Comercio Vinoteca Gonnet,US$,12000,"Manuel B. Gonnet, La Plat...",Bebidas
"Fondo De Comercio Heladeria,  14 Años En La Zona",US$,10000,"Villa Lugano, Ca...",Heladería
Gran Oportunidad!! Fondo De Comercio,US$,26000,"Funes, Santa Fe",Otros
"Venta De Fondo De Comercio : Fiambreria Y Almacen Gourmet. Zona De Martinez. Inmejorable Oportunidad. Armado X Estudio De Arquitectura, Moderno C/ Muebles De Diseño Y Maquinaria De Primera Calidad.",US$,38000,"Martínez, Provincia D...",Fiambrería
Fondo Comercio: Dietética Y Almacén De Productos Naturales,US$,30000,"Boedo, Capita...",Dietética
Venta Fondo De Comercio/fiambreria Americana,US$,1,Fl...,Fiambrería
Venta Marca De Lencería Diferente,US$,99000,Ciudad...,Indumentaria
Fondo De Comercio Lavadero De Ropa Palermo Soho,US$,17000,"Palermo Soho, Capital...",Indumentaria
"Vendo Fondo Comercio En Importante Shoping De Caba,",$,23000,"Saavedra, Capital F...",Otros
Fondo De Comercio Heladeria,$,10000000,"Villa Celina, La ...",Heladería
Almacen Quesos Y Fiambres,US$,25000,"Floresta, Capital ...",Fiambrería
Vendo Quiniela Agencia Lotería Provincia Bs As Quilmes,US$,15000,Quilmes Oeste...,Lotería
Vendo Fondo De Comercio,$,111,"Adrogué, Almirante ...",Otros
Fondo De Comercio De Instituto De Enseñanza De Inglés,US$,1,Provincia De Buenos Ai...,Otros
Fondo De Comercio Estetica,$,9000,"Quilmes, Bs...",Salón de belleza
Fondo De Comercio En Guernica,US$,30000,"Guernica, Presidente Perón...",Otros
Agencia De Lotería José C Paz,US$,30000,José C. P...,Lotería
Venta De Fondo De Comercio: Servicio Técnico Celular,$,6999,Pasaje San Benito De Palermo 1500 ...,Otros
Fábrica De Helados Y Local Comercial - Más De 20 Años De Trayectoria!,US$,100000,Ciudad Autónoma De Buenos A...,Fábrica
Vendo Fondo De Comercio Accesorios De Telefonía Celular,US$,50000,"Longchamps, Almirant...",Otros
Franquicia Fast Food De Pastas 1,US$,1,"Boedo, Capital Federal",Hamburguesería
Peluqueria Totalmente Equipada Ubicada En El Barrio De Las Cañitas,US$,1,Ciudad...,Peluquería
Fondo De Comercio Local Gastronómico,US$,20000,Ramos M...,Otros
Propiedad En Traslasierra Tu Emprendimiento Turístico A Solo 10min De Merlo San Luis,US$,70,"La Ramada, San J...",Otros
Fondo Comercio Ferretería Imperdible,US$,28000,"Libertad, Merlo, Bs....",Ferretería
Fondo De Comercio Ferreteria,US$,73000,Adro...,Ferretería
Fondo De Comercio Parrilla,US$,89000,"Palermo Hollywood, ...",Parrilla
Pepper -bar Restaurante,US$,30000,"Chivilcoy, Provinc...",Restaurante
Fondo De Comercio Fiambreria Sandwicheria Apto Bar,US$,10500,"San Nicolás, Cap...",Fiambrería
Venta Fondo De Comercio Av. Pedro Goyena - Caballito. Despensa Boutique-fiambreria-vineria-quesos Y Fiambres-,US$,27000,"Caballito, ...",Bebidas
Venta De Fiambreria Totalmente Equipada.,$,9000000,Lomas D...,Fiambrería
Fondo De Comercio Churreria Villa Adelina,US$,19000,"Villa Adelina, San...",Panadería
Vendo Fondo Comercio,US$,60000,"Temperley, Lomas D...",Otros
Excelente Opotunidad Venta Fondo De Comercio- Optica Recoleta,US$,50000,Ciudad Aut...,Otros
Importante Estética Y Centro De Pilates,US$,20000,"Lomas De Zamora, Bs.as....",Salón de belleza
"Fondo De Comercio 4 Canchas Padel , 1 Bar Y 1 Proshop",US$,279999,"Canning, Ezeiz...",Otros
"Almacén, Fiambrería, Excelente Ubicación",$,18000,"Centro, Mar Del Plata,...",Fiambrería
Venta Fondo De Comercio Vinoteca - Almacen Gourmet,US$,8000,Santos Luga...,Bebidas
"Venta De Fondo De Comercio Para Dietética, Tienda De Suplementos, Café, Kiosko",US$,18000,"Palermo, Capital Fe...",Cafetería
Cafeteria Pasteleria Dulce Salado Take Away,US$,12000,Ciudad Autónom...,Cafetería
Instalaciones + Mercaderia Libreria Completa Caballito,US$,14900,"Caballito, Capital...",Librería
Vendo Fondo Comercio Ferreteria Amplia Clientela,US$,160000,"Palermo, Capital F...",Ferretería
Panaderia Y Cafe Con Estilo!,US$,24000,Ciudad De Cór...,Cafetería
Exelente Resto Bar - Pizzas De 1° Calidad - Tragos Y Otros,US$,40000,"Washington 6222, Isidro Casan...",Pizzería
"Agencia De Lotería, Sube Y Kiosco Lanus Oeste",US$,25000,Lanús ...,Kiosco
Venta Complejo Cabañas  - Tanti,US$,300000,"X5155 Tanti, Có...",Hotelería
Fondo De Comercio,$,65,"Terminal Nueva, Mar ...",Otros
Vendo Fondo De Comercio,US$,22000,"Quilmes, Bs.as. G.b.a. ...",Otros
Vendo Fondo De Comercio Pizzeria Capital Federal   Coghlan,US$,35000,Bueno...,Pizzería
Fondo De Comercio Telefonía Celular - La Costa,US$,12000,"Santa Teresita, Pr...",Otros
Fondo D Comercio. Funcionando.,US$,20000,Monte Grande...,Otros
Fondo Comercio Gastronomico,US$,13000,"Barrio Norte, Capit...",Otros
Venta Fondo De Comercio Estética Merlo Centro,US$,5000,"Merlo, Provinc...",Salón de belleza
"Ferreteria En Plena Zona Del Rubro, Mas De 50 Años De Presencia.",US$,25000,"Córdoba, Provincia ...",Ferretería
Heladería Fondo De Comercio,US$,50000,Don Torc...,Heladería
Almacen De Bebidas Y Varios En Pleno Centro De Villa Del Parque,US$,8500,Ciudad Autónoma De Buen...,Bebidas
Venta Fondo De Comercio Maxikiosco,US$,21000,Nuestra Señora Del Buen Viaje 1043...,Kiosco
Fondo De Comercio Dietetica Y Despensa,US$,65000,"Ituzaingó Sur, ...",Almacén
Reconocida Barberia En Caseros Venta Fondo De Comercio Barberia - Local Indumentaria,US$,39900,Case...,Barbería
Importante Propiedad En Esquina Con Fondo De Comercio De Fábrica Y Atención Al Público De Helados-panaderia-pasteleria-rotiseria-churreria En 2 Locales Independientes,US$,800000,Ciudad Autó...,Panadería
Fondo De Comercio Franquicia Tropea Escucho Ofertas,US$,30000,Villa Crespo...,Franquicia
Vendo Fondo De Comercio Maxikiosco,US$,13000,"Ciudadela, Provinc...",Kiosco
Fondo De Comercio,US$,15000,"Núñez, Capital F...",Otros
Vendo Agencia De Lotería De La Ciudad En Liniers,US$,10000,"Liniers, Capita...",Lotería
Llave De Restobar,US$,6000,"Centro, Bah...",Restaurante
"Venta De Fondo De Comercio, Cotillon",US$,7000,"Garín, Escobar, ...",Cotillón
Franquicia Lo De Jacinto,US$,30000,"Nueva Córdoba, Córdoba",Franquicia
Venta De Fondo De Comercio Supermercado,US$,12345,"Villa Bonich, Billing...",Supermercado
Lavadero De Ropa,US$,35000,"Recoleta, Capi...",Indumentaria
Boutique De Ropa En Monte Grande. Venta Fondo De Comercio,US$,18000,"Monte Grande, Esteban Ec...",Indumentaria
Gimnasio En Monte Grande Venta Fondo De Comercio,US$,100000,"Monte Grande, Es...",Gimnasio
Fondo Comercio Gastronómico En Mar Azul Excelente Ubicación,US$,15000,33 Entre Mar Del Plata Y Punta Del...,Otros
Agencia De Quiniela Ofiicial,US$,30000,"Quequén, Necochea, Buenos ...",Lotería
"Venta De Fondo De Comercio Ferreteria En Belgrano, Excelente Esquina. Oportunidad!",US$,22000,Ciudad Autónoma D...,Ferretería
Fondo De Comercio Almacén Y Kiosco,$,15000,"Sarandí, Avellaneda, Bs.As. G.B.A. Sur",Kiosco
Fondo De Comercio Kiosco Despensa En Venta,US$,3850,"KMA, Provincia De Buenos Aires, Argentina, Villa Luzuriaga, La Matanza, Bs.As. G.B.A. Oeste",Almacén
Excelente Oportunidad - Fondo De Comercio - Zona Centro Banfield,US$,28000,"Banfield, Provincia De Buenos Aires, Argentina, Banfield, Lomas De Zamora, Bs.As. G.B.A. Sur",Otros
"Fondo De Comercio, Agencia De Loterías",US$,30000,"La Unión, Ezeiza, Bs.As. G.B.A. Sur",Lotería
Vendo Fondo De Comercio Gastronómico (ideal Sushi) En San Martín,US$,8000,"San Martín, Provincia De Buenos Aires, Argentina, Barrio Parque Gral San Martín, General San Martín, Bs.As. G.B.A. Norte",Otros
Fondo De Comercio Bar,US$,70000,"Martínez, San Isidro, Bs.As. G.B.A. Norte",Otros
Vendo Fondo De Comercio Pizeria,US$,30000,"Boedo, Capital Federal",Otros
Fondo De Comercio Pet Shop Veterinaria,US$,4000,"Villa Devoto, Capital Federal",Pet shop
"Fondo De Comercio, Centro De Estética",US$,10000,"Lanús Oeste, Lanús, Bs.As. G.B.A. Sur",Salón de belleza
Fondo De Comercio Ferreteria Ramos Mejia,US$,78000,"Villa Sarmiento, Morón, Bs.As. G.B.A. Oeste",Ferretería
Fondo De Comercio Restó De Comida Saludable,US$,45000,"Centro, Pinamar, Bs.As. Costa Atlántica",Otros
Pizzería Fondo De Cormercio Villa Crespo,US$,28000,"Villa Crespo, Capital Federal",Pizzería
Fondo De Comercio Dietetica Villa Urquiza,US$,17000,"Villa Urquiza, Capital Federal",Dietética
Vendo Fondo De Comercio Parrilla,US$,9000,"Ramos Mejía, La Matanza, Bs.As. G.B.A. Oeste",Parrilla
Heladería | Fondo De Comercio,US$,10000,"Mar Del Tuyú, Provincia De Buenos Aires, Argentina, Mar Del Tuyú, Bs.As. Costa Atlántica",Heladería
Fondo De Comercio Bar Restaurante Palermo Hollywood,US$,30000,"Ciudad Autónoma De Buenos Aires, Argentina, Palermo Hollywood, Capital Federal",Restaurante
Lote De Repuestos Renault,US$,35000,"Temperley, Lomas De Zamora, Bs.As. G.B.A. Sur",Otros
Fondo De Comercio Verduleria,US$,6300,"Centro, Rosario, Santa Fe",Verdulería
Fondo Comercio Dietetica Todo Suelto Almacen Y Mas,US$,8000,"Mar Del Plata, Provincia De Buenos Aires, Argentina, Barrio Colinas Verdes, General Pueyrredón, Buenos Aires Interior",Dietética
"Fondo De Comercio. Salon Multiespacio. Fiestas Infantiles, Bautismos, Comuniones, Bodas, 15. Eventos Privados.",US$,25000,"Morón, Provincia De Buenos Aires, Argentina, Morón, Bs.As. G.B.A. Oeste",Eventos
Fondo De Comercio Maxikiosco Tortuguitas- Oportunidad!!!,US$,10000,"José Hernández 3998, Tortuguitas, Provincia De Buenos Aires, Argentina, Tortuguitas, Malvinas Argentinas, Bs.As. G.B.A. Norte",Kiosco
Fondo De Comercio La Plata,US$,18000,"La Plata, Bs.As. G.B.A. Sur",Otros
"Vendo Fondo De Comercio, Peluquería Equipada,",$,111111,"San Bernardo, Bs.As. Costa Atlántica",Peluquería
"Local En Pleno Centro De La Villa, Venta Y Servicio Tecnico De Informatica Y Teleonia Movil",US$,20000,"Villa Carlos Paz, Provincia De Córdoba, Argentina, Centro, Villa Carlos Paz, Córdoba",Otros
Fondo De Comercio De Verdulería,US$,17000,"Lomas De Zamora, Bs.As. G.B.A. Sur",Verdulería
Fondo De Comercio Ferretería,US$,35000,"City Bell, La Plata, Bs.As. G.B.A. Sur",Ferretería
Fondo De Comercio Polleria Fiambreria,US$,6000,"Parque San Vicente, Córdoba",Fiambrería
Fondo De Comercio Mar De Ajo,US$,15000,"Mar De Ajó, Provincia De Buenos Aires, Argentina, Mar De Ajo, Bs.As. Costa Atlántica",Otros
Agencia De Lotería De La Ciudad De Bs. As. Venta Fondo De Comercio Villa Urquiza,US$,23000,"Ciudad Autónoma De Buenos Aires, Argentina, Villa Urquiza, Capital Federal",Lotería
Fondo De Comercio Perfumería Y Art De Limpieza,US$,15000,"Guernica, Presidente Perón, Bs.As. G.B.A. Sur",Otros
Vendo Fondo De Comercio Fiambreria/rotiseria/casa De Comidas,$,100,"Lomas De Zamora, Bs.As. G.B.A. Sur",Fiambrería
Venta Parada De Piarios,$,1111,"Ramos Mejía, La Matanza, Bs.As. G.B.A. Oeste",Otros
Lavadero De Ropa,US$,35000,"Santa Teresita, Bs.As. Costa Atlántica",Indumentaria
Fondo De Comercio Ropa Indumentaria Av Crovara La Tablada,US$,3500,"La Tablada, La Matanza, Bs.As. G.B.A. Oeste",Indumentaria
Transfiero Agencia De Quiniela,US$,30000,"San José, Mar Del Plata, Bs.As. Costa Atlántica",Lotería
Fondo De Comercio San Martin De Los Andes,US$,17000,"Zona Centro, San Martin De Los Andes, Neuquén",Otros
Usado,$,65000,"Francisco Álvarez, Moreno, Bs.As. G.B.A. Oeste",Otros
Agencia Quiniela Loteria,US$,17000,"Once, Capital Federal",Lotería
Puesto De Diarios Y Revistas,$,100,"Belgrano, Capital Federal",Otros
Vendo Agencia Quiniela P/traslado,$,3000,"Ampliación Empalme, Córdoba",Lotería
Vendo Permuto Fondo De Comercio Lubricentro,$,165,"Cañuelas, Buenos Aires Interior",Otros
Vendo Fondo De Comercio Venta Fabricación Y Colocación De Ca,US$,350000,"Grand Bourg, Malvinas Argentinas, Bs.As. G.B.A. Norte",Fábrica
Fondo Comercio Chapa Y Pintura,$,20000,"Morón, Bs.As. G.B.A. Oeste",Otros
Fondo De Comercio Zapatería Zona Centro,US$,42000,"Centro, Mar Del Plata, Bs.As. Costa Atlántica",Otros
Parada De Diarios Y Revistas,US$,15000,"San Justo, La Matanza, Bs.As. G.B.A. Oeste",Otros
Vendo Fondo De Comercio,US$,500000,"San Miguel, Bs.As. G.B.A. Norte",Otros
"Gráfica En Nono, Córdoba - Trabajá En La Tranquilidad De Las Sierras - Se Vende Fondo De Comercio Por Viaje.",US$,20000,"Nono, Córdoba, Argentina, Nono, San Alberto, Córdoba",Otros
"Complejo De Cabañas, Al Lado De Un Arroyo, Con Pileta.",US$,70000,"La Falda, Córdoba Province, Argentina, La Falda, Punilla, Córdoba",Hotelería
Restaurante Mejor Puntuado Por Maps De Villa La Angostura,US$,50000,Villa La Angostu...,Restaurante
Venta Fondo De Comercio Verdulería Frutería Almacén Y Vivero,US$,10000,"Tigre, Bs.as. G.b...",Verdulería
Local Boutique Ropa Femenina,US$,30000,"Córdoba, Provi...",Indumentaria
Fabrica De Galletitas Con Instalaciones E Inmueble Propio,US$,480000,"Banfield, P...",Fábrica
Vendo Fondo De Comercio - Tienda De Decoración Del Hogar/ventas De Muebles/cuadros-gran Oportunidad ¡excelente Rubro Rentable!,US$,23000,Villa Carl...,Otros
Venta Fondo De Comercio,$,9000000,Haedo...,Otros
Casa De Repuestos Automotor Tren Delantero (ex Mostrador Fric Rot),US$,50000,"Balcarce, Pro...",Otros
Fondo De Comercio Rubro Panadería,US$,70000,"Campana, Buenos Ai...",Panadería
"Cabañas Complejo , Exelente  Oportunidad!!..",US$,450000,"-64.456607 00, Villa D...",Hotelería
Fondo De Comercio Salon De Fiestas Infantiles,US$,40000,"Piñeyro, Avellane...",Eventos
Venta Fondo De Comercio Rapipago Con Kiosko Y Servicios Vs.,US$,6500,Ciudad A...,Kiosco
Franquicia De Congelados Con 2 Sucursales En Caba Y Bs.as.,US$,45000,"Gran Buenos Aires, Buen...",Franquicia
Venta De Fondo De Comercio Verduleria Fruteria Almacen Y Vivero En Tigre,US$,10000,"Tigre, Provincia D...",Verdulería
Liquidacion Total Ferreteria Para Trasladar,US$,99000,"Ciudad De Córdoba, Provin...",Ferretería
Fondo De Comercio Lavadero De Ropa,US$,50000,"Villa Luro, Capital Fe...",Indumentaria
Vendo Fondo De Carnicería En Moreno Pcia B.s A.s,US$,50000,"Moreno, B...",Carnicería
Local Importante De Fiambreria Zona Martinez Vendo Fondo Comercio,US$,18000,"Martínez, Provi...",Fiambrería
¡no Pierdas Esta Oportunidad De Invertir En Tu Propio Negocio Fábrica De Pizzas A La Piedra! Ideal Grupo Familiar.,US$,18500,"Bahía Blanca, Buenos A...",Fábrica
Fondo De Comercio Ferreteria,US$,60000,"Morón, Bs.as. G.b.a. O...",Ferretería
Fondo De Comercio Minimarket Con Excelentes Ingresos.,US$,105000,"Puerto Norte, Ros...",Supermercado
Vendo Fondo De Comercio De Ropa De Mujer. Villa Del Parque,US$,13000,"Villa Del Parque, ...",Indumentaria
Fondo De Comerio Kiosco Libreria Impresiones Paqueteria Mercado Libre,US$,11000,"Buenos Aires, Argen...",Kiosco
Fondo De Comercio Lavadero De Autos. San Justo,US$,45000,Presidente Perón 2901 Y Salta 2901...,Lavadero de autos
"Minimercado, Carnicería, Verdulería Y Almacen",$,20000000,Tant...,Carnicería
Comercio Completo (mercadería Incluida),US$,6000,"Villa Lugano, Cap...",Otros
Venta Fondo De Comercio: Indumentaria Zona Adrogué,US$,12000,"Adrogué, Almi...",Indumentaria
Fondo De Comercio,US$,4200,"Quilmes, Bs....",Otros
Vendo Fondo De Comercio Pet Shop,US$,13000,"Abasto, Rosario, S...",Pet shop
Fondo Comercio Panadería,US$,30000,"Almagro, Capital Fed...",Panadería
Venta Mercadería E Instalaciones Ferreteria Industrial,US$,24999,"Villa Santos Tesei, ...",Ferretería
Vendo Fondo De Comercio De Catering Para Eventos,US$,35000,Ciudad Autónom...,Eventos
Venta Fondo Comercio - Carnicería,$,36000000,Bu...,Carnicería
Venta Ferreteria,US$,1,"Oriente, Coronel Dorre...",Ferretería
Oportunidad Venta De Fondo De Comercio Gastronómico Caba,US$,60000,Villa De...,Otros
Venta Fondo De Comercio Maxikiosco Villa Luzuriaga,US$,130000,"Villa Luzuriaga, La Mat...",Kiosco
Oportunidad. Agencia De Lotería En Haedo. Excelentes Comisiones.  Venta Por Cambio De Rubro,US$,15500,"Haedo, Provinci...",Lotería
Galpón Mas Casa 3 Ambientes Más Fondo De Comercio Permuta,US$,200000,Bs.as. G.b.a. Oeste,Otros
Fondo Comercio Cancha Futbol7 Y Quinta P/eventos - Tomo Auto,US$,8000,"La Lonja, Pilar, Bs...",Cancha de futbol
Complejo De 10 Departamentos En La Mejor Zona De San Bernardo!!!,US$,400000,"San Bernardo, Provi...",Hotelería
Fondo Comercio Suplementos Deportivo Y Dietética Funcionando,US$,30000,Avenida Brigadier General Juan Man...,Dietética
Bulonera Fondo De Comercio,US$,85000,...,Ferretería
Fondo De Comercio En Caballito,US$,80000,Buenos Aires...,Otros
Venta De Fondo De Comercio De Carniceria,US$,60000,Santos Lugares...,Carnicería
Fondo De Comercio Almacén Y Kiosco Zona Sur,$,15000,Sarandí...,Kiosco
Repuesto Originales Automotor Chevrolet,US$,57000,"Berazategui, Bs.as. G....",Otros
Fondo De Comercio,$,65,"San Isidro, Bs.as....",Otros
Único...!! Fondo De Comercio. La Mejor Inversión..!!,$,1234567,"Universitario, Bahía...",Otros
Fondo De Comercio Gastronómico En Venta (no Franquicia).,US$,260000,"Paraná, Entre Ríos...",Franquicia
¡oportunidad Única! Fondo De Comercio: Quesería En Venta,US$,60000,"Bernardo De Irigoyen, Misiones, Argentina, Bernardo De Irigoyen, General Manuel Belgrano, Misiones",Otros
"Hedaria, Fondo De Comercio",US$,7000,"Merlo, Bs.As. G.B.A. Oeste",Otros
Fondo De Comercio,US$,5500,"Villa Giardino, Punilla, Córdoba",Otros
Vendo Fondo De Comercio Barberia,US$,29900,"Monte Castro, Capital Federal",Barbería
Venta Local 36m En San Andres $$68mil,US$,68000,"Villa San Andrés, General San Martín, Bs.As. G.B.A. Norte",Otros
Fondo De Comercio Bulonera Y Ferretería Troncos Del Talar 30 Años En El Mercado,US$,19000,"Troncos Del Talar, Provincia De Buenos Aires, Argentina, Los Troncos Del Talar, Tigre, Bs.As. G.B.A. Norte",Ferretería
"Liquido!!!  - Dueño Vende Complejo De Cabañas / Departamentos. Uso Turístico, Alquiler Temporal",US$,160000,"X5189, Córdoba, Argentina, Villa Ciudad Parque Los Reartes, Calamuchita, Córdoba",Hotelería
Venta Hotel En Avenida Forest Y Av Álvarez Thomas Capital,US$,470000,"Belgrano, Capital Federal",Hotelería
"Salon De Eventos, Local Y Dpto Con Propiedad",US$,450000,"Gregorio De Laferrere, La Matanza, Bs.As. G.B.A. Oeste",Eventos
Vendo Fondo De Comercio Kiosco,US$,20000,"El Palomar, Morón, Bs.As. G.B.A. Oeste",Kiosco
Fondo De Comercio Maxikiosco,US$,10000,"Villa Adelina, San Isidro, Bs.As. G.B.A. Norte",Kiosco
Carniceria,US$,11000,"Lomas Del Mirador, La Matanza, Bs.As. G.B.A. Oeste",Carnicería
Vendo Fondo De Comercio Autoservicio 40 Años En La Zona,US$,30000,"Mataderos, Capital Federal",Supermercado
Ferretería Funcionando,US$,20000,"Ituzaingó Norte, Ituzaingó, Bs.As. G.B.A. Oeste",Ferretería
Fondo Comercio Casa De Pesca,US$,15000,"Roque Pérez, Buenos Aires Interior",Otros
Cervecería Y Vermuteria,US$,115000,"Firmat, General López, Santa Fe",Cervecería
Vendo Fondo De Comercio De Café / Bar,US$,25000,"Recoleta, Capital Federal",Cafetería
Fondo De Comercio Rubro Cervecería,US$,50000,"Muñiz, San Miguel, Buenos Aires Province, Argentina, Muñiz, San Miguel, Bs.As. G.B.A. Norte",Cervecería
Fondo De Comercio Mar De Las Pampas Oportunidad,US$,22000,"Provincia De Buenos Aires, Argentina, Mar De Las Pampas, Bs.As. Costa Atlántica",Otros
Frigorífico Sin Funcionar Precio En Dólares Solo Venta,US$,560000,"Mataderos, Capital Federal",Otros
"Vendo Fondo De Comercio, Excelente Ubicación,",US$,38000,"Florencio Varela, Bs.As. G.B.A. Sur",Otros
"Vendo Casa + Complejo De Cabañas + Fondo De Comercio Oportunidad - El Trapiche, San Luis",US$,150000,"San Luis, San Luis Province, Argentina, El Trapiche, Coronel Pringles, San Luis",Hotelería
Fondo De Comercio Fiambreria Y Quesería   La Mejor,US$,30000,"Flores, Capital Federal",Fiambrería
Venta De Fondo De Comercio Maxikiosco.   Villa Crespo-caba,US$,12000,"C1414 Cdad. Autónoma De Buenos Aires, Argentina, Villa Crespo, Capital Federal",Kiosco
Fondo De Comercio - Kiosco - Librería - Villa Elisa,US$,16000,"Villa Elisa, Provincia De Buenos Aires, Argentina, Villa Elisa, La Plata, Bs.As. G.B.A. Sur",Kiosco
Fondo De Comercio Gestoría Y Peluquería Canina Tigre Centro,$,100,"Tigre, Bs.As. G.B.A. Norte",Peluquería
Venta Fondo De Comercio Kiosko/almacen Venezolano/argentino Flores,US$,12900,"Ciudad Autónoma De Buenos Aires, Argentina, Flores, Capital Federal",Kiosco
Panaderia .peluqueria.y 2 Departamentos,US$,130000,"General Roca, Río Negro",Panadería
Fondo De Comercio Indumentaria Femenina En Villa Urquiza,US$,25000,"Villa Urquiza, Capital Federal",Indumentaria
Venta Fondo De Comercio Consultorio Más Estetica.,$,10000,"Belgrano, Capital Federal",Salón de belleza
Fondo De Comercio Eléctrica Electricidad,US$,40000,"Ituzaingó Norte, Ituzaingó, Bs.As. G.B.A. Oeste",Otros
"Venta De Fondo De Comercio, Maxikiosco, Goloteca, Golosinas",US$,8000,"San Justo, Provincia De Buenos Aires, Argentina, San Justo, La Matanza, Bs.As. G.B.A. Oeste",Kiosco
Fondo Comercio Kiosko,US$,14000,"Almagro, Capital Federal",Kiosco
Fondo De Comercio De Casa De Repuestos Con 32 Años De Antiguedad,US$,170000,"Villa Luzuriaga, La Matanza, Bs.As. G.B.A. Oeste",Otros
Fondo De Comercio Salón De Belleza,US$,14000,"Quilmes, Bs.As. G.B.A. Sur",Salón de belleza
"Fondo De Comercio En Venta Minimercado, Verduleria, Fiambreria, Almacen Y Mas",US$,29900,"Morón, Provincia De Buenos Aires, Argentina, Morón, Bs.As. G.B.A. Oeste",Fiambrería
Fondo De Comercio Centro De Estética La Plata,US$,1,"DPS, Provincia De Buenos Aires, Argentina, La Plata, Bs.As. G.B.A. Sur",Salón de belleza
Vendo Fondo De Comercio Café-resto-bar  En Palermo Soho,US$,35000,"Palermo Soho, Capital Federal",Cafetería
"Lote , Casa Muy Amplia , Dúplex , Departamentos , Fondo De Comercio ! Posible Permuta !!!",US$,165000,"Florencio Varela, Bs.As. G.B.A. Sur",Otros
Fondo De Comercio Restobar Santa Rosa Calamuchita,US$,35000,"Centro, Santa Rosa De Calamuchita, Córdoba",Restaurante
Se Vende Fondo De Comercio Hamburgueseria Fabena Food,US$,18000,"Morón, Bs.As. G.B.A. Oeste",Hamburguesería
Dietetica Y Almacén Natural,US$,89000,"Zárate, Buenos Aires Interior",Dietética
Fondo De Comercio En Berazategui Centro - Espacio De Yoga Y Terapias Alternativa,US$,30000,"Berazategui, Provincia De Buenos Aires, Argentina, Berazategui, Bs.As. G.B.A. Sur",Otros
Fondo De Comercio Bar Caba,US$,24500,"Balvanera, Capital Federal",Otros
Fondo De Comercio Cotillón En Flores,US$,14000,"Flores, Capital Federal",Cotillón
Fondo De Comercio. Dietética,$,5000,"Olivos, Provincia De Buenos Aires, Argentina, Olivos, Vicente López, Bs.As. G.B.A. Norte",Dietética
Fondo De Comercio - Local Indumentaria - San Martín De Los Andes Zona Centro,US$,18000,"Zona Centro, San Martin De Los Andes, Neuquén",Indumentaria
Fondo De Comercio En Venta Canchas De Fútbol Ciudad Evita,US$,98000,"Ciudad Evita, La Matanza, Bs.As. G.B.A. Oeste",Cancha de futbol
Venta Fondo De Comercio Libreria - Papeleria - Artistica- Imprenta Afip - Sellos,US$,35000,"Ciudad Autónoma De Buenos Aires, Argentina, Balvanera, Capital Federal",Librería
Fondo De Comercio Geriatrico,$,111111,"Parque Avellaneda, Capital Federal",Geriátrico
Excelente Fondo De Comercio En Villa Bosch Nuevo Precio,US$,14000,"Villa Bosch, Tres De Febrero, Bs.As. G.B.A. Oeste",Otros
Vendo Fondo D Comercio,US$,60000,"Belén De Escobar, Escobar, Bs.As. G.B.A. Norte",Otros
Fondo De Comercio Centro De Estética /solarium,US$,15000,"Villa Urquiza, Capital Federal",Salón de belleza
Maxikiosco 24hs,US$,29000,"Ramos Mejía, La Matanza, Bs.As. G.B.A. Oeste",Kiosco
Fondo De Comercio Local Ind Femenina! Excelente Ubicación,US$,20000,"Lomas De Zamora, Bs.As. G.B.A. Sur",Indumentaria
Fondo De Comercio Café,US$,29000,"Palermo Hollywood, Capital Federal",Cafetería
Fondo De Comercio Parrilla En Centro La Plata,US$,15000,"BNC, La Plata, Provincia De Buenos Aires, Argentina, La Plata, Bs.As. G.B.A. Sur",Parrilla
Fondo De Comercio Despacho Papas Cheddar Y Mas,US$,10000,"Los Hornos, La Plata, Bs.As. G.B.A. Sur",Otros
Venta Fondo De Comercio Restaurante/ Cervecería,US$,50000,"Pinar De Festa, Bariloche, Río Negro",Cervecería
Venta Fondo De Comercio Peluqueria Canina Y Felina Petshop,US$,9000,"Martínez, San Isidro, Bs.As. G.B.A. Norte",Peluquería
Estacion De Servicio Con Mercadería Incluida.,US$,200000,"La Cumbre, Punilla, Córdoba",Otros
Vendo Fondo De Comercio Kiosco,US$,8500,"Lanús Oeste, Lanús, Bs.As. G.B.A. Sur",Kiosco
Centro Medico Ambulatorio -  Financiacion 50% Propia,US$,650000,"Once, Capital Federal",Otros
Fondo De Comercio Venta Oportunidad Acepto Permuta Vehicular,US$,9000,"Don Torcuato Oeste, Tigre, Bs.As. G.B.A. Norte",Otros
Fondo De Comercio Vinoteca,US$,18000,"Güemes, Mar Del Plata, Bs.As. Costa Atlántica",Bebidas
Local Comercial + Fondo De Comercio,US$,100000,"Wilde, Avellaneda, Bs.As. G.B.A. Sur",Otros
Vendo Complejo De Cabañas Desayunador Comedor Vivienda,$,111111111,"Villa Parque Siquimán, Punilla, Córdoba",Hotelería
Venta Spa. Estetica.belleza,US$,5000,"Floresta, Capital Federal",Salón de belleza
"Complejo De Cabañas, Villa Río Icho Cruz, Punilla, Córdoba",US$,230000,"Villa Río Icho Cruz, Punilla, Córdoba",Hotelería
Permuto Lote Ferreteria . Solo Mercaderia,US$,7000,"Monte Grande, Provincia De Buenos Aires, Argentina, Monte Grande, Esteban Echeverría, Bs.As. G.B.A. Sur",Ferretería
Cerveceria Bar Fondo De Comercio,US$,27000,"Villa Bosch, Provincia De Buenos Aires, Argentina, Villa Bosch, Tres De Febrero, Bs.As. G.B.A. Oeste",Cervecería
Fondo De Comercio- Perfumería Y Limpieza,US$,19000,"San Antonio De Padua, Merlo, Bs.As. G.B.A. Oeste",Otros
Vendo Fondo De Comercio De Pizzeria Restó,US$,18000,"Aguas Verdes, Provincia De Buenos Aires, Argentina, Aguas Verdes, Bs.As. Costa Atlántica",Pizzería
Fondo De Comercio Estética Integral,US$,5500,"Villa Urquiza, Capital Federal",Salón de belleza
Se Vende Excelente Fondo De Comercio Precio Negociable!!!!,US$,1111111,"Villa La Angostura, Neuquén",Otros
Venta Hotel Jagüel Santa Teresita,US$,385000,"Santa Teresita, Bs.As. Costa Atlántica",Hotelería
Fondo De Comercio,US$,13000,"Villa Adelina, San Isidro, Bs.As. G.B.A. Norte",Otros
Fondo De Comercio,US$,40000,"San Martín, Mendoza",Otros
Fondo De Comercio Carnicería Y Pollería En Haedo,US$,10000,"Haedo, Morón, Bs.As. G.B.A. Oeste",Carnicería
Fondo De Comercio Cancha De Fútbol,US$,35000,"Libertad, Merlo, Bs.As. G.B.A. Oeste",Cancha de futbol
Oportunidad!!!  Fondo De Comercio Maxiquiosco,US$,4500,"Ciudad Autónoma De Buenos Aires, Argentina, Monte Castro, Capital Federal",Kiosco
Lote Ferreteria . Solo Mercaderia,$,10000000,"Ciudad Autónoma De Buenos Aires, Argentina, Villa Crespo, Capital Federal",Ferretería
Cerveceria Venta Fondo Comercio Zona Residencial,US$,100000,"Parque Leloir, Ituzaingó, Bs.As. G.B.A. Oeste",Cervecería
Fondo De Comercio Box De Ent. Funcional/cross/indoor,US$,45000,"Ramos Mejía, La Matanza, Bs.As. G.B.A. Oeste",Otros
Fondo De Comercio Cotillón Reposteria Y Dietetica. En Venta,US$,17000,"Villa Ballester, General San Martín, Bs.As. G.B.A. Norte",Cotillón
Fondo De Comercio Fiambreria Gourmet Y Vinoteca,US$,65000,"San Justo, Provincia De Buenos Aires, Argentina, San Justo, La Matanza, Bs.As. G.B.A. Oeste",Bebidas
Vendo Bar/cerveceria,US$,25000,"Villa Crespo, Capital Federal",Cervecería
Venta Fondo De Comercio .peluquería Unisex .,US$,11500,"Villa Devoto, Capital Federal",Peluquería
Fondo De Comercio Cotillón,US$,8000,"San Miguel, Bs.As. G.B.A. Norte",Cotillón
Fondo De Comercio,US$,7500,"Caballito, Capital Federal",Otros
Se Vende Llave De Comercio De Minimercado Muy Buenas Ventas,$,36000000,"Pilar, Las Colonias, Santa Fe",Supermercado
Fondo De Comercio En Venta Dietética U Otro Rubro,US$,8000,"Florida, Vicente López, Bs.As. G.B.A. Norte",Dietética
Fondo De Comercio: Local De Indumentaria En Adrogué Centro,US$,12000,"Adrogué, Almirante Brown, Bs.As. G.B.A. Sur",Indumentaria
Fondo De Comercio Berazategui,US$,19000,"Berazategui, Bs.As. G.B.A. Sur",Otros
Hotel Rural (apart & Hotel) Ecoturismo Pesca,$,399000,"Esquina, Corrientes",Hotelería
Vendo Fondo Comercio Salón Estética Únik,US$,13000,"Aldo Bonzi, La Matanza, Bs.As. G.B.A. Oeste",Salón de belleza
Vendo Por Viaje Peluqueria Equipada,US$,8000,"Ciudad Autónoma De Buenos Aires, Argentina, Congreso, Capital Federal",Peluquería
Venta De Fondo De Comercio Bazar Y Deco,US$,23600,"Ciudad Autónoma De Buenos Aires, Argentina, Villa Pueyrredón, Capital Federal",Otros
Fondo De Comercio,$,1000,"La Paz, Entre Ríos",Otros
Fondo Comercio Ferreteria,US$,13000,"Caballito, Capital Federal",Ferretería
Agencia De Loteria De La Provincia.,US$,23000,"Merlo, Bs.As. G.B.A. Oeste",Lotería
Gimnasio Completo Con Máquinas Nuevas Todo Funcionando,$,111111,"Otros Barrios, Posadas, Misiones",Gimnasio
Fondo De Comercio Parrilla Restaurante Parque Cervecero,US$,12000,"Llavallol, Lomas De Zamora, Bs.As. G.B.A. Sur",Cervecería
Kiosco En Quilmes Fondo De Comercio,US$,25000,"Provincia De Buenos Aires 347, Quilmes, Bs.As. G.B.A. Sur",Kiosco
Quimica Fondo De Comercio En Venta,US$,15000,"Monte Grande, Esteban Echeverría, Bs.As. G.B.A. Sur",Otros
Fondo De Comercio Dietetica Beruti 2800,US$,30000,"Ciudad Autónoma De Buenos Aires, Argentina, Recoleta, Capital Federal",Dietética
Venta Fondo De Comercio Ferreteria,US$,32000,"Ramos Mejía, La Matanza, Bs.As. G.B.A. Oeste",Ferretería
Vendo Fondo De Comercio Pizzeria-bar- Cafe,US$,10000,"El Jagüel, Esteban Echeverría, Bs.As. G.B.A. Sur",Cafetería
Fondo De Comercio De La Mejor Bicicletería De Belgrano,US$,20000,"Belgrano, Capital Federal",Bicicletería
Fondo De Comercio Pizzería,US$,30000,"Villa Adelina, Vicente López, Bs.As. G.B.A. Norte",Pizzería
Fondo De Comercio - Hamburgueseria Escobar,US$,12000,"Belén De Escobar, Escobar, Bs.As. G.B.A. Norte",Hamburguesería
Fondo De  Comercio Totalmente Equipado.facilidad Oportunidad,US$,70000,"Santa Teresita, Bs.As. Costa Atlántica",Otros
Venta Fondo De Comercio Pañalera,US$,12000,"Merlo, Provincia De Buenos Aires, Argentina, Merlo, Bs.As. G.B.A. Oeste",Otros
Fondo De Comercio De Estetica,US$,12000,"Belgrano, Rosario, Santa Fe",Salón de belleza
"Se Vende Fondo De Comercio, Vidriería",US$,36500,"Lanús Oeste, Lanús, Bs.As. G.B.A. Sur",Otros
Se Vende Fondo De Comercio  Tienda De Bebidas,US$,10500,"Isidro Casanova, La Matanza, Bs.As. G.B.A. Oeste",Bebidas
Vendo   Fondo De Comercio Oportunidad  En Caballito Primera,US$,6500,"Caballito, Capital Federal",Otros
Exelente Oportunidad Fondo De Comercio Linea Peugeot,US$,49000,"Ciudad Madero, La Matanza, Bs.As. G.B.A. Oeste",Otros
Venta Fondo De Comercio (se Acepta Permuta Vehicular),US$,9000,"Don Torcuato, Provincia De Buenos Aires, Argentina, Don Torcuato Oeste, Tigre, Bs.As. G.B.A. Norte",Otros
Venta De Fábrica De Rotomoldeo,$,1111111,"Venado Tuerto, Provincia De Santa Fe, Argentina, Venado Tuerto, General López, Santa Fe",Fábrica
Agencia De Loteria De La Ciudad En Venta Chapa E Instalaciones,US$,8900,"EZJ, Buenos Aires, Argentina, Villa Urquiza, Capital Federal",Lotería
Vendo Fondo De Comercio Maxikisoco. Urgente !!! Hasta Fin De Mes !!! No Te Lo Pierdas!!!,$,9000000,"Liniers, Capital Federal",Kiosco
Fondo De Comercio Kiosco,US$,13000,"Ituzaingó Centro, Ituzaingó, Bs.As. G.B.A. Oeste",Kiosco
Puesto De Diarios Y Revistas - Centro De San Telmo,US$,6500,"San Telmo, Buenos Aires, Argentina, San Telmo, Capital Federal",Otros
Heladeria Volta Fondo De Comercio,$,19800,"Villa Pueyrredón, Capital Federal",Heladería
"Fondo De Comercio Dietetica Vitalcer , Se Puede Traspasar De Zona,,,",US$,20000,"General Pacheco, Tigre, Bs.As. G.B.A. Norte",Dietética
Fondo De Comercio Fábrica De Sandwiches De Miga,US$,16000,"Santa Teresita, Bs.As. Costa Atlántica",Fábrica
Fondo De Comercio Dietetica Almacen,US$,5000,"Villa Bosch, Tres De Febrero, Bs.As. G.B.A. Oeste",Dietética
Venta D Fondo De Comercio Lavadero D Ropa..30 Años De Antigu,US$,38000,"José Mármol, Almirante Brown, Bs.As. G.B.A. Sur",Indumentaria
Hermoso Fondo Comercio Reposteria Cotillon,US$,9000,"Monte Castro, Capital Federal",Cotillón
"Restaurant , Parrilla , Pizzeria , Estilo Bodegon En San Justo",US$,50000,"San Justo, Provincia De Buenos Aires, Argentina, San Justo, La Matanza, Bs.As. G.B.A. Oeste",Parrilla
Fondo De Comercio Cafetería Al Lado Teatro Melos,US$,15000,"Centro, Villa Carlos Paz, Córdoba",Cafetería
Fondo De Comercio Maxikiosco-libreria.,US$,10000,"San Justo, La Matanza, Bs.As. G.B.A. Oeste",Kiosco
Fondo De Comercio Regalos Empresariales Maquinas De Grabado Profesional Fabolusa Rentabilidad Real Comprobable,US$,20000,"Quilmes, Provincia De Buenos Aires, Argentina, Quilmes, Bs.As. G.B.A. Sur",Otros
Venta - Puesto De Diarios Y Revistas,$,100,"Morón, Provincia De Buenos Aires, Argentina, Morón, Bs.As. G.B.A. Oeste",Otros
Fondo De Comercio,$,10000,"Morón, Bs.As. G.B.A. Oeste",Otros
Venta Fondo De Comercio Maxikiosco,US$,10000,"Monserrat, Capital Federal",Kiosco
Vendo Fondo De Comercio Materiales Electricos,US$,60000,"Avenida 14 3060, Berazategui, Provincia De Buenos Aires, Argentina, Berazategui Oeste, Berazategui, Bs.As. G.B.A. Sur",Otros
Heladería . Cafeteria,US$,8000,"Villa Cabello, Posadas, Misiones",Cafetería
Fondo De Comercio Con Franquicia Propia,US$,16000,"Tigre, Bs.As. G.B.A. Norte",Franquicia
Fondo De Comercio,US$,50000,"Virreyes, San Fernando, Bs.As. G.B.A. Norte",Otros
Fondo De Comercio Santa Teresita 47 Street-wanama-tascani,US$,20000,"Santa Teresita, Bs.As. Costa Atlántica",Otros
Fondo De Comercio,US$,1,"La Plata, Bs.As. G.B.A. Sur",Otros
Fondo De Comercio Cerrajeria Ferreteria,US$,15000,"Mar Del Plata, Provincia De Buenos Aires, Argentina, La Perla, General Pueyrredón, Buenos Aires Interior",Ferretería
Resto Bar Desde 1968,US$,90000,"Centro, Córdoba",Restaurante
Fondo De Comercio,US$,30000,Avellane...,Otros
Fondo De Comercio En El Centro De Rosario,US$,6500,"Centro, Rosario, Sa...",Otros
Fondo De Comercio Bar Cerveceria,US$,10000,"Otros Barrios, ...",Cervecería
Vendo Fondo De Comercio Rotiseria,$,1234,Lomas Del...,Otros
Se Vende Fondo De Comercio Peluquería En Nva Córdoba,US$,6000,Nueva Córdoba...,Peluquería
Se Vende Fondo De Comercio Maxikiosco Benyi,US$,18000,"Berazategui Oeste, Ber...",Kiosco
Fondo De Comercio Lavadero Autos Zona Ituzaingó .urg Salud,US$,14000,"Ituzaingó Sur, Ituz...",Lavadero de autos
Venta De Agencia $15.000  Usd Permuta,US$,15000,Villa De...,Otros
Se Vende Fondo De Comercio De Lavadero De Autos,US$,25000,"Villa Maipú, G...",Lavadero de autos
Venta D Fondo D Comercio. La Mejor Ubi D San Miguel,US$,50000,"San Miguel, Bs.as. G....",Otros
V 2 Fondos De Comercio! 2 Barberias/pelu Unisex C/ Gabinete,US$,10000,"Villa Pueyrredón, ...",Barbería
"Fondo De Comercio, Autoservicio, Ranelagh",US$,38000,"Ranelagh, Berazat...",Supermercado
Fondo De Comercio Cafeteria De Especialidad + Dietetica,US$,95000,Re...,Cafetería
Vendo  Maxikiosco,US$,22000,"Ramos Mejía, La Matanz...",Kiosco
Heladería,US$,20000,Barri...,Heladería
Vendo Fondo De Comercio - Cafeteria,US$,9500,"Centro, Rosario, ...",Cafetería
Fondo De Comercio Dietética En Zona Las Cañitas!!!,US$,14000,"Belgrano, Capital...",Dietética
Fondo De Comercio Ferreteria Permuto Escucho Ofertas,US$,35000,Punta ...,Ferretería
Fondo De Comercio Repuestos Automotor,US$,89000,"San Fernando, Pr...",Otros
Venta Dietetica Fondo De Comercio Palermo Soho!!,US$,79000,"Buenos Aires, Argent...",Dietética
Vendo Delivery De Bebidas (la Previa) En Ciudad De Rosario. Escucho Oferta Razonable,US$,38000,"Zeballos 1348, Rosario, Provi...",Bebidas
Vendo Barberia El Fondo De Comercio Se Escuchan Ofertas,US$,20000,"San Miguel, Bs.as. G....",Barbería
"Fondo De Comercio Fiambreria - San Bernardo, Costa Atlantica",US$,30000,"San Bernardo, Bs.as....",Fiambrería
Venta Fondo De Comercio Dueño Directo,$,111111,"Adrogué, Almirante Bro...",Otros
Parada De Diarios Y Revistas,US$,1500,"Balvanera, Capit...",Otros
Vendo Fondo Comercio Informática Y Tecnología,US$,38000,"Jesús María, Córdoba",Otros
Fondo De Comercio En Venta Rubro Panadería,US$,60,"Río Cuarto, Cór...",Panadería
Fondo De Comercio Fiambrería Sandwicheria Apto Bar,US$,10000,"San Nicolás,...",Fiambrería
Vendo Local Manuela Pedraza Y Conesa Oportunidad!!,US$,55000,Ciudad Autónoma De Bu...,Otros
Fondo De Comercio De Panaderia,US$,70000,"Tandil, Buenos Aire...",Panadería
Fondo De Comercio Kiosco A Dos Cuadras Del Centro De Quilmes,US$,30000,"Quilmes, Bs.as....",Kiosco
Vendo Fondo De Comercio De Almacen Gourmet Excelente Ubicación,US$,24000,La Luci...,Otros
Fondo De Comercio Maq. Textiles Circulares Tejido De Punto,$,650,"Villa Luro, Capital F...",Otros
Vendo Fondo De Comercio Los Hornos,US$,5000,"Los Hornos, La Plata, Bs...",Otros
Vendemos Fondo De Comercio !!,US$,25000,"Centro, Rosario, S...",Otros
Venta De Agencia De Lotería Y Pagofacil Muy Buena Recaudación Y Ubicacion Del Comercio,US$,1,"Flores, Capit...",Lotería
Fondo De Comercio  - Farmacia Y Perfumería,US$,16000,"El Ceibo, Vill...",Farmacia
Fondo De Comercio Con Canchas De Futbol,US$,12000,"Quilmes Oeste,...",Cancha de futbol
Vendo Fondo De Comercio En Villa Gesell - Centro (peatonal),US$,10000,"Zona Centro, Villa ...",Otros
Fondo De Comercio Ferreteria Sanitarios Y Electricidad,US$,25000,Ciudad Autónoma De...,Ferretería
Vendo  Fondo De Comercio De Carnicería,US$,19900,"Sarandí, Avellaneda, B...",Carnicería
Heladería Fondo De Comercio,US$,1,"Colegiales, Cap...",Heladería
Agencia De Lotería De La Provincia Con Anexo Provincianet,US$,32000,"Villa Martelli, Vicent...",Lotería
Agencia De Loteria Lomas De Zamora Parque Baron,US$,10000,Lomas De Za...,Lotería
Fondo De Comercio (venta De Pizza Y Empanadas),US$,18000,William C...,Pizzería
Vendo Licencia/chapa De Loteria De La Provincia,US$,7000,"Temperley, Provincia...",Lotería
Vendo Fondo De Comercio De Maxikiosco,US$,3900,"Quilmes, Bs.as. G.b.a....",Kiosco
Venta Fondo De Comercio Fábrica De Sillones,US$,60000,"Alta Córdoba,...",Fábrica
Venta De Fondo De Comercio (escucho Ofertas)el Número Public,US$,12000,"Belén De Escobar, Esco...",Otros
Vendo Fondo De Comercio. Solo Mercaderia.,US$,10000,"Maquinista Savio, ...",Otros
"Fabrica De Pinturas C/máquinas,fórmulas, Clientes ¡completa Y Funcionando)",$,1000,Provincia De Buenos Ai...,Fábrica
"Fondo De Comercio. Kiosco, Wilde, Las Flores Y El Acceso.",US$,6000,"Wilde, Avellaned...",Kiosco
Fondo De Comercio,$,2000000,"Ciudadela, Tres D...",Otros
Fondo De Comercio Merlo Sl,US$,140000,"Merlo, Junín, ...",Otros
Panaderia Sandwicheria Centrica,US$,15000,"Retiro, Capital Feder...",Panadería
Fondo De Comercio,US$,7000,"Sarandí,...",Otros
Fondo De Comercio,US$,25000,Caballit...,Otros
"Vendo Fondo De Comercio, Maxikiosco 24 Horas Por Motivo De Viaje",US$,11000,Ciudad Autóno...,Kiosco
Venta De Fondo De Comercio,$,5000,La Lucila...,Otros
Fondo De Comercio Gastronomía.,US$,22000,"San Vicente, Buen...",Otros
Carrito De Comidas,US$,5800,"Roldán, Santa Fe",Otros
"Fondo De Comercio Almacén, Gran Oportunidad!!!",US$,55000,"Congreso, Capit...",Otros
Fondo De Comercio. Villa General Belgrano. Libreria Y Artist,US$,4000,"Centro, Villa Gen...",Librería
Restaurant--pizzeria---pelotero-proveedor Del Estado,US$,75000,San Luis Pro...,Eventos
Peluquería Unisex,US$,15000,"Lanús Este,...",Peluquería
Fondo De Comercio,US$,8000,Congreso...,Otros
Venta Fondo De Comercio Ropa Calzado,US$,1111111,Vill...,Indumentaria
"Gran Oportunidad, Venta De Fondo De Comercio",US$,20000,Área Cent...,Otros
Salon De Belleza. Fondo De Comercio.,US$,27000,"Monserrat, Capital Fed...",Salón de belleza
Dietetica Fondo De Comercio,US$,7999,"Buenos Aires, Ar...",Dietética
Fondo De Comercio,US$,35000,"Centro Cívico, San Fra...",Otros
Vendo Fondo De Comercio,US$,48000,"Centro, Córdoba",Otros
Fondo De Comercio Bicicleteria,US$,130000,"Canning, Ezeiza, Bs.as...",Bicicletería
Venta Fondo De Comercio. Urgente!!! Precio Súper Rebajado,US$,15000,"Luis Guillón, Este...",Otros
Fondo De Comercio Cotillón Y Repostería,US$,50000,Villa Urquiz...,Cotillón
Fondo De Comercio Quilmes Centro,US$,28000,"Quilmes, Bs.as. G....",Otros
Fondo De Comercio Barberia,$,4500000,"Villa Del Parque, C...",Barbería
Fondo De Comercio Pescaderia Y Marisqueria,US$,18000,"Barrio Marítimo, Berazat...",Otros
Ferretería Cinco Años Establecida.,US$,49000,Ituzaingó Nort...,Ferretería
Oportunidad .vendo/perm. Financio Fondo Come,US$,40000,"Zona Centro, Villa Ges...",Otros
Fondo De Comercio Fiambreria,US$,28000,"Alejandro Korn, Sa...",Fiambrería
Fondo De Comercio - Cervecería En Venta - Palermo - Plaza Serrano,US$,75000,Ciudad Autónoma De B...,Cervecería
Fondo De Comercio Franquicia Kawirth,US$,15000,"Caballito, Capital Fede...",Franquicia
Fondo De Comercio Cancha De Fútbol,US$,15000,Av República Argentina Esquina 153...,Cancha de futbol
Fondo Comercio Panaderia Y Confiteria,$,1000,"Quilmes, Bs.as. G.b.a....",Panadería
Vendo Fondo De Comercio Locutorio Maxikiosco Y Cyber,US$,7500,Matade...,Kiosco
Fondo De Comercio Petshop Y Peluquería,US$,18000,"Palermo Soho, Ca...",Peluquería
Parada De Diarios Y Revistas En Estación Subte  A,$,1551825,"Once, Capital ...",Otros
Fondo De Comercio Maquinaria Cafetería Heladera Exhibidora,$,3500000,"Lomas De Zamora, Bs.as. ...",Cafetería
Permuto Omplejo De 6 Departamentos  En Merlo San Luis Por Motorhome Y Vehiculos,US$,170000,"Merlo, San...",Otros
Venta Fondo De Comercio En Centro De San Martin Local De Pilas Y Baterias,US$,100000,"San Martín, Provincia...",Otros
Se Busca Socio Para Local De Comida Rápida En Palermo Soho,US$,22000,"Palermo Soho, Capit...",Otros
Oportunidad Única: Fondo De Comercio De Heladería En Ubicación Estratégica,US$,12000,"Bac, Ciu...",Heladería
Fondo De Comercio,US$,6500,"Almagro, Capital Federal",Otros
Pañalera Venta Fonde De Comericio - Excelente Rentabilidad - Excelente Ubicacion,US$,39000,"Rosario, ...",Otros
Oportunidad Única Para Emprendedores!! @_tanbrocoli  Gesell,US$,13500,"Zona Centro, Villa Gesell, Bs.As. Costa Atlántica",Otros
Fondo De Comercio Veterinaria (parque Patricios),US$,25000,"Parque Patricios, Capital Federal",Veterinaria
Excelente Fondo De Comercio Se Vende!!,$,18000,"Lanús Este, Lanús, Bs.As. G.B.A. Sur",Otros
Importante Fondo De Comercio (venta Por Mudanza),US$,110000,"Villa Carlos Paz, Provincia De Córdoba, Argentina, Centro, Villa Carlos Paz, Córdoba",Otros
Vendo Fondo De Comercio,$,15000,"Zona Centro, San Martin De Los Andes, Neuquén",Otros
Fondo De Comercio-perfumería Y Limpieza,US$,19000,"San Antonio De Padua, Provincia De Buenos Aires, Argentina, San Antonio De Padua, Merlo, Bs.As. G.B.A. Oeste",Otros
Venta Agencia De Lotería A Trasladar,US$,9000,"Mar Del Plata, Provincia De Buenos Aires, Argentina, La Perla, General Pueyrredón, Buenos Aires Interior",Lotería
Fondo De Comercio Ropa Mujer,US$,15000,"Villa Del Parque, Capital Federal",Indumentaria
Fondo De Comercio Merceria,US$,45000,"Monte Castro, Capital Federal",Otros
Vendo Fondo De Comercio  Casita De Fiestas  Punta Alta,$,15000000,"Punta Alta, Coronel Rosales, Buenos Aires Interior",Eventos
Fondo De Comercio,US$,50000,"Boulogne Sur Mer, San Isidro, Bs.As. G.B.A. Norte",Otros
Fondo De Comercio Dietética Vitalcer,US$,39000,"Belgrano, Capital Federal",Dietética
Fondo De Comercio Restó-café Excelente Ubicación,US$,11,"Ciudad De Santa Fe, Provincia De Santa Fe, Argentina, Otros Barrios, Santa Fe Capital, Santa Fe",Cafetería
Fondo De Comercio Dietetica Y Panaderia Saludable,US$,75000,"Acassuso, Provincia De Buenos Aires, Argentina, Acassuso, San Isidro, Bs.As. G.B.A. Norte",Dietética
Fondo De Comercio,$,19000,"Banfield, Lomas De Zamora, Bs.As. G.B.A. Sur",Otros
Gimnasio Fondo De Comercio,US$,35000,"Luis Agote, Rosario, Santa Fe",Gimnasio
Fondo De Comercio De Heladeria,US$,9000,"Adolfo P. Carranza 2999, Ciudad Autónoma De Buenos Aires, Argentina, Villa Del Parque, Capital Federal",Heladería
Vendo Fondo De Comercio Rotisería Muy Buena Ubicación.,US$,15000,"Santa Teresita, Provincia De Buenos Aires, Argentina, Santa Teresita, Bs.As. Costa Atlántica",Otros
"Fondo De Comercio - Venta - Temperley,",US$,190000,"Temperley, Lomas De Zamora, Bs.As. G.B.A. Sur",Otros
Venta De Fondo De Comercio De Maxikiosko,US$,25000,"Monte Castro, Capital Federal",Kiosco
Fondo De Comercio. Local De Indumentaria,US$,8000,"Wilde, Provincia De Buenos Aires, Argentina, Wilde, Avellaneda, Bs.As. G.B.A. Sur",Indumentaria
Kiosco-polirrubro Zona Guemes,US$,0,"Güemes, Mar Del Plata, Bs.As. Costa Atlántica",Kiosco
"Restaurante De Diseño. 1 Año De Uso, Totalmente Equipado En Centro De Ituzaingó",US$,100000,"Ituzaingó, Provincia De Buenos Aires, Argentina, Ituzaingó Centro, Ituzaingó, Bs.As. G.B.A. Oeste",Restaurante
"Vendo Negocio Poli Rubro (calzado, Ropa, Telas, Etc.) Con 18 Años De Antigüedad Por No Poder Atender",US$,50000,"Río Cuarto, Provincia De Córdoba, Argentina, Río Cuarto, Córdoba",Indumentaria
Fondo De Comercio Centro Carlos Paz,US$,15000,"Villa Carlos Paz, Provincia De Córdoba, Argentina, Centro, Villa Carlos Paz, Córdoba",Otros
Agroveterinaria,US$,80000,"El Bolsón, Río Negro, Argentina, Aldea Del Este, Bariloche, Río Negro",Veterinaria
"Transfiero Fondo Comercio, Tienda Saludable, Referente Zona.  Consultar Precio. Oportunidad. Negocio. Dietética",US$,10500,"Provincia De Buenos Aires, Argentina, Remedios De Escalada, Lanús, Bs.As. G.B.A. Sur",Dietética
Fondo De Comercio - Container En Predio Gastronómico,US$,15000,"Rosario, Provincia De Santa Fe, Argentina, Alberto Olmedo, Rosario, Santa Fe",Otros
Pantografo Laser Cortadora 600x900,US$,4000,"Monte Castro, Capital Federal",Otros
Vendo Panadería,US$,47000,"Hostería San Antonio, Luján, Buenos Aires Interior",Panadería
Venta Fondo De Comercio - Cerveceria/bar- Oportunidad,US$,35000,"Av. Nazca 1800 - 2100, Ciudad Autónoma De Buenos Aires, Argentina, Villa Del Parque, Capital Federal",Cervecería
Oportunidad! Kiosco/almacen Lichu En Venta!,US$,14000,"Villa Carlos Paz, Provincia De Córdoba, Argentina, Las Malvinas, Villa Carlos Paz, Córdoba",Kiosco
Kiosco De Diarios Y Revistas En Rosario Fondo De Comercio En Zona Sur Avenida Ovidio Lagos Y Gregorio Dean Funes,$,7500000,"Rosario, Provincia De Santa Fe, Argentina, Jorge Cura, Rosario, Santa Fe",Kiosco
"Transfiero Licencia Lotería Caba Cabinas Blindadas,",$,3900000,"Caballito, Capital Federal",Lotería
Vendo Ferreteria En Las Sierras De Cordoba Oportunidad Para Cambio De Vida!!! 23 Años En El Rubro Gran Variedad De Mercaderia!! Ingresos Comprobables!!,US$,150000,"Av. Costanera Guido Santarelli, Santa Rosa De Calamuchita, Córdoba, Argentina, Amboy, Calamuchita, Córdoba",Ferretería
Fondo De Comercio - Dietética - Escucho Ofertas!!!,US$,5000,"Nueva Córdoba, Córdoba",Dietética
Sala De Ensayo - Venta De Fondo De Comercio - San Francisco Solano,$,1500000,"San Francisco Solano, Provincia De Buenos Aires, Argentina, San Francisco Solano, Quilmes, Bs.As. G.B.A. Sur",Otros
Fondo De Comercio Y Vivienda De Carnicería,US$,6000,"Agronomía, Capital Federal",Carnicería
Vendo Fondo De Comercio,$,10000000,"Francisco Álvarez, Moreno, Bs.As. G.B.A. Oeste",Otros
Fondo De Comercio - Carniceria En Venta,US$,24000,"Ciudadela, Provincia De Buenos Aires, Argentina, Ciudadela, Tres De Febrero, Bs.As. G.B.A. Oeste",Carnicería
Fábrica De Helados De Alta Calidad - 19 Años De Trayectoria,US$,200000,"Floresta, Capital Federal",Fábrica
Cafeteria Al Paso Frente A La Universidad De Palermo,US$,19000,"C1175 Buenos Aires, Argentina, Almagro, Capital Federal",Cafetería
Agencia De Lotería De La Ciudad,US$,4000,"Villa Luro, Ciudad Autónoma De Buenos Aires, Argentina, Villa Luro, Capital Federal",Lotería
Vendo Fondo De Comercio Franquicia De Pizza Y Empanadas,US$,20000,"Pontevedra, Merlo, Bs.As. G.B.A. Oeste",Franquicia
Vendo Fondo De Comercio Y Franquicia De Seitu,$,17000000,"Monte Grande, Esteban Echeverría, Bs.As. G.B.A. Sur",Franquicia
"Fondo De Comercio Lubricentro, Funcionando !!",$,30000000,"Villa Parque Santa Ana, Provincia De Córdoba, Argentina, Villa Parque Santa Ana, Santa María, Córdoba",Otros
Fondo De Comercio Heladería Sei Tu,US$,25000,"Luis Guillón, Esteban Echeverría, Bs.As. G.B.A. Sur",Heladería
Vendo Agencia De Quiniela Y Lotería Oficial.,US$,55000,"Apart Club San Pedro, San Pedro, Buenos Aires Interior",Lotería
Fondo De Comercio Rotiseria V Devoto A Metros De Beiro,US$,9000,"Villa Devoto, Capit...",Otros
Agencia De Lotería Oficial - Berazategui - Zona Sur,US$,65000,"Villa España, Pro...",Lotería
Gimnasio Completo,US$,45000,"La Plata, Bs.as. G.b...",Gimnasio
Fondo De Comercio Lubricentro Más De 30 Años De Antigüedad,US$,25000,"Av. Pres. Hipólito Yrigoyen

 2837...",Otros
Venta Fondo De Comercio Empanadas Y Pizzas,US$,27000,"Almagro, Capita...",Pizzería
"Fondo De Comercio,villa La Angostura,café Bar",$,65000,Villa La Angostu...,Cafetería
Venta De Fondo De Comercio  Ferreteria Con Mercaderia Incluida Bien Surtida.,US$,135000,"San Isidro, Pro...",Ferretería
Fondo De Comercio Urgente Por Viaje,US$,20000,"Quilmes Oeste, ...",Otros
Fondo De Comercio Carnicería,US$,1,"Santa Rita, Capita...",Carnicería
Laboratorio Suplementos Dietarios Habilitado Fdo. Comercio,$,400000,Redios De Escala De San Martin  Sn...,Otros
"Se Vende Fondo De Comercio Kiosco Y Despensa , Buen Precio",US$,10000,"Villa San Andrés,...",Almacén
Kiosco De Diarios Y Revistas,US$,10000,Estacion Beccar (anden Mano A Reti...,Kiosco
Venta De Fondo De Comercio De Local Dedicado A Venta De Indumentaria Femenina,US$,15000,"Villa Lugano, Bue...",Indumentaria
Fondo De Comercio Barberia Peluqueria,US$,6000,"San Nicolás, Capital...",Barbería
Fondo De Comercio Franquicia Tropea Escucho Ofertas,US$,30000,Villa Crespo...,Franquicia
Fondo Zinguería Nueva El Precio Es X Toda La Mercadería,US$,1200,"Ituzaingó Norte, Itu...",Otros
Venta Fondo De Comercio,$,100,"Almagro, Capita...",Otros
"Vendo Fondo De Comercio, Heladería Con 16 Años De Antigüedad",US$,22000,"Boulogne Sur Mer,...",Heladería
Lavadero De Autos,US$,20000,"Temperley, Lo...",Lavadero de autos
"Fondo De Comercio Bar, Restaurante, Cafeteria",US$,22000,"Monserrat, Capita...",Cafetería
Local Gastronomico,$,1111,Guillermo Enrique...,Otros
Importante Pinturería Zona Sur S/avenida C/estacionam Propio,US$,45000,"Quilmes, Provincia...",Otros
Concesionario Para Local Ramallo Club En Operación - Leer Descripción,US$,1000,"San Isidro, ...",Otros
Fondo De Comercio Centro De Estética,US$,12000,"Boedo, Capital F...",Salón de belleza
Farmacia,US$,60000,"Esquel, Futaleufú, Chubut",Farmacia
Venta Ferreteria Con Clientes Fijos,US$,25000,"Bgj, Pr...",Ferretería
Local Habilitado Para Dietetica Y Herboresteria,US$,20000,"Caseros 3069, B1636 Olivos, P...",Dietética
"Se Vende Marca Registrada, Clase 39, Mixta: Expreso Rutas Argentinas",US$,38000,"Luis Guillon, Pro...",Otros
Vendo Fondo De Comercio,US$,22000,"San Cristóbal, C...",Otros
Fondo De Comercio Para Trasladar,US$,9000,"Centro, Villa Carlos P...",Otros
Fondo De Comercio Local Ropa Femenina Lomas De Zamora,US$,9000,"Lomas De Zamora, Bs.as...",Indumentaria
Fondo De Comercio Dietética,US$,15000,Ciudad Autónoma ...,Dietética
Vendo Fondo De Comercio,$,2000000,"San Miguel, Bs.a...",Otros
Fondo De Comercio,US$,15000,"Villa Pueyrredón, ...",Otros
Maxikiosco,US$,12000,Ciudad Au...,Kiosco
Vendo Fondo De Comercio Colchoneria Y Afines,$,34990,Gran Bu...,Otros
Pizzería Luigy,US$,40000,"Lanús Oeste, La...",Pizzería
Estetica Fondo De Comercio,US$,10000,"Berazategui, Bs.as. G...",Salón de belleza
Fondo De Comercio Tienda Saludable,US$,35000,"“caisamar”, Mar Del Pl...",Otros
Venta De Fondo De Comercio De Indumentaria,US$,18000,"Villa Pueyrredón, Cap...",Indumentaria
Fondo De Comercio Fiambrería Y Productos De Almacén,$,1111,"El Bolsón, El Bols...",Fiambrería
Fondo De Comercio De Indumentaria Femenina Y Niños,US$,18000,"Villa Pueyrredón, Cap...",Indumentaria
"Local De Bazar, Decoracion Y Mates",US$,5500,"San Martín, Mendoza, Arge...",Otros
Fondo De Comercio,US$,50000,"Otros Barrios, Mendo...",Otros
Fondo De Comercio Local De Indumentaria General Las Heras,US$,68000,"General Las Heras, ...",Indumentaria
"Venta Llave Negocio Para Carne Vacuna,cerdo ,y Pollo",$,11000000,Ampliación ...,Otros
Fondo De Comercio Lenceria En Venta,US$,200000,"Centro, Bariloche...",Indumentaria
Fondo De Comercio - Bar+restaurant Lomas De Zamora Alem 200,US$,100000,"Lomas De Zamora, Bs.as. G...",Restaurante
Fondo De Comercio Vineria,US$,18000,"Mar Del Plata, Provincia De Buenos Aires, Argentina, La Perla, General Pueyrredón, Buenos Aires Interior",Bebidas
Fondo De Comercio Lavadero Autos,US$,20000,"San Miguel, Bs.As. G.B.A. Norte",Lavadero de autos
Se Vende Fondo De Comercio De Café Bar Frente A La Universidad De Quilmes,US$,12000,"Roque Sáenz Peña 299-329, Bernal, Provincia De Buenos Aires, Argentina, Bernal, Quilmes, Bs.As. G.B.A. Sur",Cafetería
Fondo De Comercio Pet Shop Caballito,US$,6500,"Ciudad Autónoma De Buenos Aires, Argentina, Caballito, Capital Federal",Pet shop
Agencia De Loteria,US$,12000,"Parque Patricios, Capital Federal",Lotería
Fondo De Comercio Heladeria,US$,20000,"Buenos Aires, Argentina, Villa Urquiza, Capital Federal",Heladería
Agencia De Loteria De La Provincia De Bs.as,US$,47000,"Villa Ballester, Provincia De Buenos Aires, 1653, Villa Ballester, General San Martín, Bs.As. G.B.A. Norte",Lotería
Venta De Fondo De Comercio Salón De Fiestas Y Eventos,US$,35000,"La Plata, Bs.As. G.B.A. Sur",Eventos
Importante Fondo De Comercio Heladería Y Cafetería 230 M2 - A Dos Cuadras Del Congreso De La Nación,US$,40000,"Buenos Aires, Argentina, Balvanera, Capital Federal",Cafetería
Bar Al Paso Y Kiosco,US$,16000,"Quilmes, Provincia De Buenos Aires, Argentina, Quilmes, Bs.As. G.B.A. Sur",Kiosco
Fondo De Comercio Pizzeria Olivos,US$,30000,"Olivos, Vicente López, Bs.As. G.B.A. Norte",Pizzería
"Fondo De Comercio Peluqueria , Barberia , Salon De Belleza En Predio Supermercado De Facil Acceso",US$,4000,"Tortuguitas, Provincia De Buenos Aires, Argentina, José C. Paz, Bs.As. G.B.A. Norte",Barbería
Fondo De Comercio,US$,18000,"Centro, Rosario, Santa Fe",Otros
Gran Oportunidad!!fondo De Comercio,US$,8000,"La Plata, Bs.As. G.B.A. Sur",Otros
Vendo Fondo De Comercio - Optica,US$,27000,"Merlo, Junín, San Luis",Otros
Kiosco De Diarios Y Revistas,US$,40000,"Campos De Alvarez, Moreno, Bs.As. G.B.A. Oeste",Kiosco
Vendó Fondo De Comercio..,US$,9300,"Puerto, Mar Del Plata, Bs.As. Costa Atlántica",Otros
Casa De Comidas - Rotiseria,US$,20000,"Quilmes, Bs.As. G.B.A. Sur",Otros
"Parada De Diarios En Florida, Vicente López, Bs. As.",US$,10000,"Florida, Vicente López, Bs.As. G.B.A. Norte",Otros
Agencia De Lotería De La Provincia En Hurlingham,US$,30000,"Hurlingham, Provincia De Buenos Aires, Argentina, Hurlingham, Bs.As. G.B.A. Oeste",Lotería
Vendo Exelente Fondo De Comercio,$,5000000,"Villa Santos Tesei, Hurlingham, Bs.As. G.B.A. Oeste",Otros
Ferreteria,$,111,"Mar Del Plata, Provincia De Buenos Aires, Argentina, Barrio Colinas Verdes, General Pueyrredón, Buenos Aires Interior",Ferretería
Venta Importante Solarium Fondo De Comercio,US$,47000,"Jardín Espinosa, Córdoba",Otros
Vendo Fondo De Comercio Pizzería En Zona Bernal Este,US$,12,"Bernal, Quilmes, Bs.As. G.B.A. Sur",Pizzería
Dietética Ubicada En Zona Céntrica De Morón,US$,27000,"Provincia De Buenos Aires, Argentina, Morón, Bs.As. G.B.A. Oeste",Dietética
Fondo De Comercio Remiseria,US$,30000,"Ringuelet, Provincia De Buenos Aires, Argentina, Ringuelet, La Plata, Bs.As. G.B.A. Sur",Otros
Instalaciónes Y Mercadería De Pesca En Capital,US$,90000,"Congreso, Capital Federal",Otros
Vendo Fondo De Comercio Rubro Tecnología,US$,35000,"Colón, Entre Ríos",Otros
Fondo De Comercio,US$,3000,"Villa Bosch, Tres De Febrero, Bs.As. G.B.A. Oeste",Otros
"Vendo Fondo De Comercio Tienda De Mascotas, Parque Y Jardín",$,22222222,"Garín, Escobar, Bs.As. G.B.A. Norte",Otros
Fondo De Comercio Ropa De Bebés Centro De Lomas Galería Nazm,US$,6000,"Lomas De Zamora, Bs.As. G.B.A. Sur",Indumentaria
Exelente Estado Funcionando Perfecto.,$,400000,"San Nicolás, Capital Federal",Otros
"Venta Fondo De Comercio,  Umara Nails, Villa Urquiza",US$,28000,"Ciudad Autónoma De Buenos Aires, Argentina, Villa Urquiza, Capital Federal",Salón de belleza
Fondo De Comercio Market Medialunas,US$,9500,"Villa Devoto, Capital Federal",Otros
Fondo De Comercio En San Martin De Los Andes !,US$,25000,"Zona Centro, San Martin De Los Andes, Neuquén",Otros
Fondo De Comercio Salón De Uñas Y Pestañas Almagro,US$,10000,"Almagro, Capital Federal",Otros
Venta Agencia De Lotería Y Quiniela.,US$,18000,"Villa Ballester, General San Martín, Bs.As. G.B.A. Norte",Lotería
Vendo Fondo De Comercio Kiosco- Zona Céntrica,US$,3000,"Monserrat, Capital Federal",Kiosco
Vendo Pet Shop 20 Años,$,1000,"Ituzaingó, Provincia De Buenos Aires, Argentina, Ituzaingó Norte, Ituzaingó, Bs.As. G.B.A. Oeste",Pet shop
Agencia De Lotería De La Provincia De Buenos Aires,$,10000000,"Florencio Varela, Bs.As. G.B.A. Sur",Lotería
Parada De Diarios. Escucho Oferta,US$,2800,"Tapiales, La Matanza, Bs.As. G.B.A. Oeste",Otros
Fondo De Comercio Zona Recoleta Arreglo De Ropa,US$,5000,"Recoleta, Capital Federal",Indumentaria
Barberia Fondo De Comercio,$,7000000,"William C. Morris, Hurlingham, Bs.As. G.B.A. Oeste",Barbería
Agencia De Loteria,US$,13000,"Caballito, Capital Federal",Lotería
Complejo De Fútbol 5,US$,40000,"La Plata, Bs.As. G.B.A. Sur",Hotelería
Agencia De Lotería Zona Florida,US$,25000,"Barrio Parque Gral San Martín, General San Martín, Bs.As. G.B.A. Norte",Lotería
"Vendo  Fondo De Comercio, Kiosco, Almacen Fiambreria En Carlos Paz",US$,20000,"Carlos Paz Sierras, Villa Carlos Paz, Córdoba",Fiambrería
Maxikiosco Escucho Ofertas!  Libreria Fondo De Comercio,$,1111,"Los Polvorines, Malvinas Argentinas, Bs.As. G.B.A. Norte",Kiosco
Agencia De Lotería Provincia Monte Grande Centro,US$,37000,Monte ...,Lotería
Fondo De Comercio Ferreteria,US$,100000,"Del Viso, P...",Ferretería
"Kiosco, Rapipago, Fotocopiadora Y Envío De Paqueteria",US$,27000,"San Vicente, Bueno...",Kiosco
Fondo De Comercio Local Maxikiosco,US$,1,"Monte Chingolo, Pr...",Kiosco
Fondo De Comercio Casa Electricidad,US$,25000,"Martínez, S...",Otros
"Vendo Fonde De Comercio En Bernal, Quilmes",$,10000,"Bernal Oeste, Pro...",Otros
Fondo De Comercio En Venta Restobar En Chacarita Funcionando,US$,40000,"Chacarita, Cap...",Restaurante
Venta De Fondo De Comercio (instalaciones) + Posibilidad Venta De Marca,US$,48000,Ciudad Autónoma De B...,Otros
Se Vende Fondo De Comercio...,US$,30000,"Lanús Este, Lanús, Bs.as...",Otros
Vendo Fondo De Comercio De Lavadero De Autos,US$,70000,"Tilcara 2933, Buenos Air...",Lavadero de autos
Lote De Griferias,US$,9000,"Ramos Mejía, La M...",Otros
Fondo De Comercio Bebidas,US$,19900,"Villa Crespo,...",Bebidas
"Agencia De Lotería Y Rapipago, Fondo De Comercio Rentable",US$,20000,Parque Avell...,Lotería
"Dueño Vende Fondo De Comercio: Torre, Antena Y Oficina Aptas Para Fm En El Centro De Rosario. Excelente Ubicacion",US$,22000,"Rosario, Provincia D...",Otros
Fondo De Comercio,$,9500,"Monte Grande,...",Otros
Vendo Permuto Empresa De Transporte,US$,1111,Ciudad Autónom...,Otros
"Fondo De Comercio, Casa De Lotería.",US$,17000,A Dos Cuadras De C...,Lotería
Fondo De Comercio - Zona Comercial San Fernando,$,50000,"San Fernando, ...",Otros
Dietetica El Lahuan - Impecable - Excelente Oportunidad - Cambia Tu Vida!!!!,US$,32000,"Lago Puelo, Chubut...",Dietética
Fondo De Comercio Mercería Y Retacería Financiación,US$,5000,"Luis Guillon, ...",Otros
Venta Fondo De Comercia Casa De Repuestos Vw Ford Gm,US$,100000,"Grand Bourg, Provin...",Otros
Fabrica De Ionizadores Solares Para Piscinas,US$,50000,San Francis...,Fábrica
Fondo De Comercio Lenceria,US$,9000,Cent...,Indumentaria
Fondo De Comercio En Adrogué,US$,25000,"Adrogué, Alm...",Otros
Salas De Ensayo En Santa Fe Capital,US$,24000,"Ciudad De Santa Fe, ...",Otros
Vendo Fondo De Comercio,US$,40000,"Nueva Córdoba, Córd...",Otros
Pizzeria Con Alta Rotación,US$,70000,Ciudad De Santia...,Pizzería
Vendo Fondo De Comercio De Farmacia. Excelente Oportunidad!,US$,18000,"Villa 9 De Julio, ...",Farmacia
"Fondo De Comercio - Merceria, Lenceria, Bebes - Mas De 30 Años De Actividad! - La Merceria Mas Completa De La Zona!",US$,47000,...,Indumentaria
Fondo De Comercio Palermo,US$,14000,"Palermo Soho, Cap...",Otros
Lavarropas Automático Samsung 6.5 Kg Saww65m0nhuu 1000 Rpm C,$,700000,"Francisco Álvarez, ...",Indumentaria
Heladera Exhibidora 4 Puertas,$,1000000,"González Catán, L...",Otros
Fondo Comercio Dietetica,US$,5000,"Alto Alberdi,...",Dietética
Agencia De Loteria Muy Buena Rentabilidad),US$,10000,"Villa Pueyrredón, Capi...",Lotería
Vendo O Permuto Agencia De Loteria .florencio Varela,US$,35,"Florencio Varela, ...",Lotería
Se Vende Fondo De Comercio - Kiosco En Pleno Centro,US$,5500,"Córdoba, Pr...",Kiosco
Agencia De Loteria Mar Del Plata Centro A Metros De La Peatonal,US$,35000,"Mar Del Plata, Prov...",Lotería
Agencia De Lotería,US$,9000,"Ituzaingó Norte, Ituzai...",Lotería
Vendo Fondo De Comercio,US$,25000,Villa Allende ...,Otros
Vendo Licencia Con Máquina En Guarda!,US$,10000,"La Plata, Bs.a...",Otros
Fondo De Comercio,US$,16000,"Villa Riachuelo, Capi...",Otros
Chapa Licencia Agencia De Lotería De La Ciudad,US$,2500,A...,Lotería
Agencia De Lotería,US$,50000,"Palermo, Capital Feder...",Lotería
Fondo De Comercio - Indumentaria Infantil/bebes - Quilmes Peatonal,US$,14000,"Quilmes, Pr...",Indumentaria
Kiosco Puesto Parada De Diarios Y Revistas,US$,38000,"Palermo, Capita...",Kiosco
Fiambreria (fondo De Comercio),$,8000,Santos Lugares...,Fiambrería
Vendo Agencia De Lotería,US$,50000,"Lanús, Pr...",Lotería
Agencia De Loteria,US$,15000,Buenos Ai...,Lotería
Fondo De Comercio Agencia Oficial De Loteria,US$,15000,Lanús Oes...,Lotería
Agencia De Lotería,US$,33000,"Quilmes, Bs.as...",Lotería
Cerveceria Y Hamburgueseria En Polo Gastronomico De Banfield,US$,1,"Banfield, Provinci...",Cervecería
Venta Agencia De Loteria Oficial Prov Bs.as.,US$,30000,Provincia De Buenos ...,Lotería
Fondo De Comercio Agencia De Quiniela Y Rapipago,US$,29900,"Centro, Villa Carlos Paz...",Lotería
Agencia De Loteria En Llavallol,US$,21000,"Llavallol, P...",Lotería
"Loteria Neuquina, Fondo De Comercio De Lotería Y Quiniela",US$,59999,"Zona Centro, San Mar...",Lotería
Se Venden Heladeras Y Picadora D Carne,$,700000,Vill...,Otros
Chapa Loteria De La Provincia,$,1111,"Quilmes Oeste, Qui...",Lotería
Pizzería Muy Acreditada Zona Paalomarr,US$,50000,"El Palomar, Morón, B...",Pizzería
"Dietetica Y Almacen Naturista Sobre Avenida Comercial, A Diez Metros De Parada De Colectivos",US$,12000,"Tigre, Provinci...",Dietética
Vendo Fondo De Comercio Feria Americana,$,4000000,"Almagro, Capi...",Otros
Fondo De Comercio Agencia De Loteria Y Rapipago. Lanus Oeste,US$,15000,"Lanús Oeste,...",Lotería
Fondo Comercio Ferreteria Funcionando,US$,26000,"Rosario, Provi...",Ferretería
Venta Fondo De Comercio Fiambreria Y Almacén,US$,1111,"Santos Lugares, Tre...",Fiambrería
Fondo De Comercio Casa De Deportes 33 Años De Trayectoria,US$,50000,Ciudad ...,Otros
Oportunidad De Inversión Venta De Fondo De Comercio - Rubro Informática,US$,5500,"Santa Fe, Argentina, ...",Otros
Frezzer Helados,$,400000,José Ign...,Otros
Venta De Fondo De Comercio,US$,20000,"Recoleta, Capital Fede...",Otros
Agencia De Loteria,US$,20000,"Recoleta, Capital F...",Lotería
Fondo De Comercio Fabrica De Calzado,US$,45000,"Lomas Del Mirador, La Mat...",Fábrica
Fondo De Comercio,US$,6000,"Boedo, Capital Federal",Otros
Kiosco Venta Fondo De Comercio,US$,15000,Avenida Tte Gral Juan Domingo Peró...,Kiosco
Vendo Fondo Comercio Supermercado Muy Bien Ubicado Y Equipado. 30 Años En El Rubro,US$,70000,"San Lorenzo, Provincia...",Supermercado
Agencia De Lotería. Florencio Varela,US$,15000,"Florencio Varela,...",Lotería
Fondo De Comercio Pet Shop Y Peluqueria Canina !!!oportunidad!!!,US$,8500,"Bermúdez 1406, Buenos A...",Peluquería
Agencia De Lotería Y/o Quiniela,US$,18000,"San José, Almiran...",Lotería
Fondo De Comercio Maxikiosco,US$,10000,"Caba, Argentina, Vill...",Kiosco
"Kiosco, Excelente Ubicación En Ramos Mejía",US$,7500,"Ramos Mejía,...",Kiosco
Vendo Fondo Comercio Fiambrería Y Granja Sobre Avenida Monte Castro- Caba,$,32000000,Buenos...,Fiambrería
"Vents Agencia Lotería Y Kiosco, Doy Financiación",US$,33000,"La Falda, Córdoba, A...",Kiosco
Agencia De Quiniela Dueño Directo Sin Expensas,US$,25000,Villa Urquiz...,Lotería
Se Vende  Agencia De Lotería,US$,25000,"Quilmes Oeste, ...",Lotería
Dietética..,US$,6500,"Floresta, Capital ...",Dietética
Vendo Lavadero De Camiones,US$,150000,"Victoria, Entre R...",Otros
Fondo De Comercio Peluqueria,US$,8000,"San Miguel, Bs.as. G.b....",Peluquería
Vendo Fondo De Comercio,US$,80000,"Hurlingham, Provincia...",Otros
Venta De Chapa O Agencia De Loteria,$,20000,"Avellaneda, Bs.as. G....",Lotería
Vendo Fondo De Comercio Librería Papelería,$,11000000,"Guaymallén,...",Librería
Vendo Importante Fondo De Comercio + De 10 Años Funcionando,US$,35000,"Villa Ballester, Gene...",Otros
Fondo De Comercio - Kiosko,US$,12000,Ciudad De Có...,Kiosco
Vendo Fondo De Comercio Lenceria,US$,25000,B7600dol Mar Del ...,Indumentaria
Kiosco De Diarios Y Revistas - Fondo De Comercio,US$,5600,"Sarandí, Avell...",Kiosco
Marca De Accesorios,US$,1200,Ciudad Autónoma De ...,Otros
"Vendo Pesa,nueva Sin Uso",$,100,"Rafael Calzada, ...",Otros
Fondo De Comercio Telefonia,$,3000,Provincia De Buenos A...,Otros
Vendo Monedas Antiguas Y Billetes De 5 Pesos,$,500000,"Corzuela, Gen...",Otros
Se Vende Excelente Bar Cafetería En Alta Gracia,$,65,"Centro, Alta...",Cafetería
Fondo Taller Mecanico,$,24000000,"Los Robles, Córdoba",Otros
Oportunidad!: Vendo Fondo De Comercio Agencia De Loteria,US$,111111,"Bahía Blanca, Provincia De Buenos Aires, Argentina, Universitario, Bahía Blanca, Buenos Aires Interior",Lotería
"Vendo Fondo De Comercio, Casita De Fiestas",$,10000,"Punta Alta, Coronel Rosales, Buenos Aires Interior",Eventos
"Agencia De Lotería De La Ciudad ,y Maxikiosko, ,",$,16000000,"Barracas, Capital Federal",Kiosco
Agencia Lotería La Plata Sin Costo De Alquiler Por 5 Años.,US$,25000,"Provincia De Buenos Aires, Argentina, Villa Elvira, La Plata, Bs.As. G.B.A. Sur",Lotería
Fondo De Comercio Heladería En Béccar - (josé Ingenieros 3510),US$,22000,"Béccar, San Isidro, Bs.As. G.B.A. Norte",Heladería
Refrigerante/ Anticorrosivo -  Fondo De Comercio Fabricacion,US$,15000,"Bernal, Provincia De Buenos Aires, Argentina, Bernal, Quilmes, Bs.As. G.B.A. Sur",Fábrica
"Fondo De Comercio Maxikiosco, Excelente Ubicacion, Gran Rentabilidad",US$,15000,"Ciudad Autónoma De Buenos Aires, Argentina, Caballito, Capital Federal",Kiosco
Agencia Loteria,US$,35000,"Morón, Bs.As. G.B.A. Oeste",Lotería
Agencia De Loteria Y Rapipago Sobre Importante Avenida,US$,30000,"Wilde, Provincia De Buenos Aires, Argentina, Wilde, Avellaneda, Bs.As. G.B.A. Sur",Lotería
Agencia De Lotería De La Ciudad,US$,9500,"Floresta, Capital Federal",Lotería
Venta De Fabrica De Paneles Sip Posicionada  En Todo El País.,US$,74000,"Villa Sarmiento, Provincia De Buenos Aires, Argentina, Villa Sarmiento, Morón, Bs.As. G.B.A. Oeste",Fábrica
Venta Agencia De Loteria Y Quiniela La Plata Provincia De Buenos Aires,US$,25000,"La Plata, Provincia De Buenos Aires, Argentina, La Plata, Bs.As. G.B.A. Sur",Lotería
Agencia De Loteria,US$,25000,"Provincia De Buenos Aires, Argentina, Castelar, Morón, Bs.As. G.B.A. Oeste",Lotería
Parada De Diarios Estacion Villa Ballester,US$,4000,"Villa Ballester, Provincia De Buenos Aires, Argentina, Villa Ballester, General San Martín, Bs.As. G.B.A. Norte",Otros
Fondo De Comercio De Alquiler De Autos Funcionando,US$,78000,"San Martín De Los Andes, Neuquén, Argentina, Zona Centro, San Martin De Los Andes, Neuquén",Otros
Chapa Licencia Agencia De Lotería De La Provincia .quilmes,US$,22000,"Quilmes, Bs.As. G.B.A. Sur",Lotería
Agencia De Loteria Y Quiniela,US$,30000,"Lanús Este, Lanús, Bs.As. G.B.A. Sur",Lotería
Parada De Diarios (devoto),$,8500000,"Villa Devoto, Capital Federal",Otros
Bar 2 Año Antiguedad En Funcionamiento,US$,16000,"Rosario, Provincia De Santa Fe, Argentina, Abasto, Rosario, Santa Fe",Otros
Venta  Agencia  De  Loteria,US$,27900,"B1889JRH Ezpeleta Oeste, Provincia De Buenos Aires, Argentina, Quilmes Oeste, Quilmes, Bs.As. G.B.A. Sur",Lotería
Vendo Chapa Lotería Para Quilmes Urgente,US$,15000,"Quilmes, Bs.As. G.B.A. Sur",Lotería
Chapa De Agencia De Lotería Para Todo El Partido De 3 Febrer,US$,20000,"Loma Hermosa, Tres De Febrero, Bs.As. G.B.A. Oeste",Lotería
Venta Fondo De Comercio Lotería - Pilar,US$,29000,"Pilar, Bs.As. G.B.A. Norte",Lotería
Fondo De Comercio Mercat,US$,8000,"Villa Crespo, Capital Federal",Otros
Equipo De Música Muteki 6.2 Canales,$,1055000,"Barrio Sur, San Miguel De Tucumán, Tucumán",Otros
Vendo Casa De Antigüedades De 40 Años De Trayectoria,US$,139000,"San Nicolás De Los Arroyos, San Nicolás, Buenos Aires Interior",Otros
Vendo Fondo De Comercio,$,3000000,"Gerli, Lanús, Bs.As. G.B.A. Sur",Otros
Hotel Pasajeros 26 Habitaciones En Venta Barrio San Cristóba,US$,350000,"San Cristóbal, Capital Federal",Hotelería
Fondo De Comercio,US$,24000,"Lanús Oeste, Lanús, Bs.As. G.B.A. Sur",Otros
Vendo Chapa De Loteria,US$,11111,"Villa Pueyrredón, Capital Federal",Lotería
Vendo Fondo De Comercio,US$,5500,"Buenos Aires, Argentina, Almagro, Capital Federal",Otros
Fondo De Comercio,US$,15000,"Matheu, Escobar, Bs.As. G.B.A. Norte",Otros
Radio Fm Funcionando Con Licencia,US$,3000000,"Dina Huapi, Río Negro, Argentina, Dina Huapi, Pilcaniyeu, Río Negro",Otros
Venta Agencia De Loteria Pcia. Bs As Zona Ezeiza,$,111,"Tristán Suárez, Ezeiza, Bs.As. G.B.A. Sur",Lotería
Fondo De Comercio Heladeria Y Cafeteria,US$,15000,"San Fernando, Bs.As. G.B.A. Norte",Cafetería
Importante Metalúrgica Fabrica De Implementos Agrícolas. 40 Años De Trayectoria.,US$,1650000,"Provincia De Santa Fe, Argentina, San Genaro, San Jerónimo, Santa Fe",Fábrica
"Fondo De Comercio Autoescuela, Más 30 Años, Amplia Clientela",US$,10000,"Ituzaingó Centro, Ituzaingó, Bs.As. G.B.A. Oeste",Otros
Vendo Agencia Lotería Capitán Sarmiento,$,30000,"Capitán Sarmiento, Buenos Aires Interior",Lotería
"Venta De Fondo De Comercio , Tienda De Fiambres Y Quesos",US$,22000,"Barracas, Capital Federal",Fiambrería
Fondo De Comercio,US$,120000,"Centro, San Miguel De Tucumán, Tucumán",Otros
Venta De Fondo De Comercio Farmacia,US$,55000,"Nono, Córdoba, Argentina, Nono, San Alberto, Córdoba",Farmacia
Vendo Veterinaria Mardelplata,US$,65000,"Plaza Colón, Mar Del Plata, Bs.As. Costa Atlántica",Veterinaria
Fondo De Comercio Agencia De Remis,$,5000,"Huerta Grande, Punilla, Córdoba",Otros
Fondo De Comercio Proveedor De Materiales Generales Para La Industria Y La Construccion. Local A La Calle En Caba,US$,49000,"Ciudad Autónoma De Buenos Aires, Argentina, Flores, Capital Federal",Otros
Fondo De Comercio Carniceria,$,40000000,"Cosquín, Provincia De Córdoba, Argentina, Alto Cementario, Cosquín, Córdoba",Carnicería
"Agencia De Loteria En Salto, Provincia De Bs As",$,100,"Provincia De Buenos Aires, Argentina, Salto, Buenos Aires Interior",Lotería
Kiosco Y Agencia De Quiniela,US$,18000,"La Plata, Provincia De Buenos Aires, Argentina, Villa Elvira, La Plata, Bs.As. G.B.A. Sur",Kiosco
1,$,49000000,"Otros Barrios, Mendoza",Otros
Pijoan La Historia Del Arte,$,300000,"Roque Pérez, Buenos Aires Interior",Otros
Agencia De Loteria,$,111111,"Quilmes Oeste, Quilmes, Bs.As. G.B.A. Sur",Lotería
"Vendo Panadería, Hermosa, Clientela Fija, Antigüedad 4 Años",US$,22000,"Cerro De Las Rosas, Córdoba",Panadería
"Vendo Stock De Materiales De Ferretería, Precio Charlable",$,12000000,"Luján De Cuyo, Mendoza",Ferretería
Licencia/chapa/permiso De Agencia De Lotería Pba,US$,10000,"Wilde, Provincia De Buenos Aires, Argentina, Wilde, Avellaneda, Bs.As. G.B.A. Sur",Lotería
Chapa + Cerramiento Blindado Loteria De La Ciudad,US$,10000,"Villa Pueyrredón, Capital Federal",Lotería
Venta Fondo De Comercio Optica,US$,22000,"C1425BGX CABA, Argentina, Palermo, Capital Federal",Otros
Fondo De Comercio,US$,120000,"Cariló, Bs.As. Costa Atlántica",Otros
Vendo O Permuto Fondo De Comercio Ferreteria,US$,50000,"Centro, Bahía Blanca, Buenos Aires Interior",Ferretería
Venta De Agencia De Lotería De La Ciudad De Buenos Aires En Floresta.,US$,12000,"Avenida Rivadavia 8571, Ciudad Autónoma De Buenos Aires, Argentina, Floresta, Capital Federal",Lotería
Hostel De Vanguardia: Oportunidad Única De Negocio En El Turismo. Venta Fondo De Comercio,US$,25000,"S2000BTE Rosario, Santa Fe, Argentina, República De La Sexta, Rosario, Santa Fe",Hotelería
Fondo De Comercio Farmacia,US$,111111,"Provincia De Buenos Aires, Argentina, Burzaco, Almirante Brown, Bs.As. G.B.A. Sur",Farmacia
Chapa De Loteria De La Provincia De Buenos Aires,US$,15000,"Provincia De Buenos Aires, Argentina, Lomas De Zamora, Bs.As. G.B.A. Sur",Lotería
Agencia De Loteria De La Provincia Oficial,US$,15000,"San Justo, La Matanza, Bs.As. G.B.A. Oeste",Lotería
Se Vende Fondo De Comercio,US$,38000,"La Carlota, Córdoba",Otros
Bar Cafeteria Tradicional  Importante Esquina Céntrica De Córdoba  La Esquina,US$,20000,"Ciudad De Córdoba, Provincia De Córdoba, Argentina, Alberdi, Córdoba",Cafetería
Venta De Fondo De Comercio,US$,10000,"Colegiales, Capital Federal",Otros
Fondo De Comercio Berazategui,US$,25000,"Berazategui Oeste, Berazategui, Bs.As. G.B.A. Sur",Otros
Vendo Apart Hotel Sierra De La Ventana,US$,340000,"Sierra De La Ventana, Tornquist, Buenos Aires Interior",Hotelería
Venta De Fondo De Comercio - Local Ropa Deportiva/urbana,US$,20000,"Villa Crespo, Capital Federal",Indumentaria
Fondo De Comercio Con Mas De 20 Años,US$,79000,"Villa Mercedes, General Pedernera, San Luis",Otros
Fondo De Comercio Pago Fácil,US$,20000,"Quilmes, Bs.As. G.B.A. Sur",Otros
Fondo De Comercio Loteria De La Ciudad Quiniela,US$,22500,"Caballito, Capital Federal",Lotería
Parada De Diarios Villa Del Parque Valor $10.000.000.-,$,10000000,"CABA, Buenos Aires, Argentina, Villa Del Parque, Capital Federal",Otros
